:020000040800F2
:10000000000002204D0D0008350C00083D0C0008D2
:10001000450C00084D0C0008550C000800000000BD
:100020000000000000000000000000005D0C00085F
:100030006B0C000800000000790C0008870C000819
:100040009D0D00089D0D00089D0D00089D0D0008E8
:100050009D0D00089D0D00089D0D00089D0D0008D8
:100060009D0D00089D0D00089D0D00089D0D0008C8
:100070009D0D00089D0D00089D0D00089D0D0008B8
:100080009D0D00089D0D00089D0D00089D0D0008A8
:100090009D0D00089D0D00089D0D00089D0D000898
:1000A0009D0D00089D0D00089D0D00089D0D000888
:1000B0009D0D00089D0D00089D0D00089D0D000878
:1000C0009D0D00089D0D00089D0D00089D0D000868
:1000D0009D0D00089D0D0008950C00089D0D000861
:1000E0009D0D00089D0D00089D0D00089D0D000848
:1000F0009D0D00089D0D00089D0D00089D0D000838
:100100009D0D00089D0D00089D0D00089D0D000827
:100110009D0D00089D0D00089D0D00089D0D000817
:100120009D0D00089D0D00089D0D00089D0D000807
:100130009D0D000800000000000000009D0D00085B
:100140009D0D00089D0D00089D0D0008A90C0008DC
:100150009D0D00089D0D00089D0D00089D0D0008D7
:100160009D0D00089D0D00089D0D00089D0D0008C7
:100170009D0D00089D0D00089D0D00080000000069
:10018000000000009D0D00080000000000000000BD
:100190009D0D000800000000000000009D0D0008FB
:1001A0000000000000000000000000009D0D00089D
:1001B0009D0D00089D0D00089D0D00089D0D000877
:0401C0009D0D000889
:1001D00010B5054C237833B9044B13B10448AFF381
:1001E00000800123237010BD60010020000000008A
:1001F00008A0000808B5034B1BB103490348AFF33F
:10020000008008BD000000006401002008A0000874
:1002100010F8012B11F8013B012A28BF9A42F7D0B0
:10022000D01A7047034613F8012B002AFBD1181A85
:1002300001387047000000000000000000000000CE
:1002400001F0FF01102A2BDB10F0070F08D010F887
:10025000013B013A8B422DD010F0070F42B3F6D18B
:10026000F0B441EA012141EA014122F007047FF0A4
:1002700000070023F0E80256083C85EA010586EAFB
:10028000010685FA47F5A3FA87F586FA47F6A5FA37
:1002900087F68EB9EED1F0BC01F0FF0102F0070243
:1002A00032B110F8013B013A83EA010313B1F8D1EE
:1002B0000020704701387047002D06BF35460338CF
:1002C000073815F0010F07D1013015F4807F02BF08
:1002D000013015F4C03F0130F0BC0138704700BF59
:1002E00053B94AB9002908BF00281CBF4FF0FF319D
:1002F0004FF0FF3000F088B9ADF1080C6DE904CE85
:1003000000F006F8DDF804E0DDE9022304B07047F0
:100310002DE9F047089D0F4604468C46002B48D136
:100320008A42164661D9B2FA82F34BB1C3F1200278
:1003300001FA03FC20FA02F29E4042EA0C0C9C40B7
:100340004FEA164EB7B2BCFBFEF1220C0EFB11CCED
:1003500042EA0C4201FB07F0904209D9B21801F1C0
:10036000FF3C80F0EE80904240F2EB800239324454
:10037000121AA4B2B2FBFEF00EFB102244EA0244B1
:1003800000FB07F7A74209D9341900F1FF3280F0CA
:10039000DA80A74240F2D7803444023840EA014074
:1003A000E41B00211DB1DC400023C5E90043BDE88A
:1003B000F0878B4206D90DB1C5E90001002108463E
:1003C000BDE8F087B3FA83F1002948D1BB4202D3DC
:1003D000824200F20781841A67EB030201209446EF
:1003E000002DE4D0C5E9004CE1E7002A00F092803E
:1003F000B2FA82F3002B40F0A8808A1A4FEA164E18
:100400001FFA86FC0121200CB2FBFEF70EFB17221F
:1004100040EA02420CFB07F0904207D9B21807F1FC
:10042000FF3802D2904200F2E2804746121AA4B28C
:10043000B2FBFEF00EFB102244EA02440CFB00FC6F
:10044000A44507D9341900F1FF3202D2A44500F2C5
:10045000CB801046A4EB0C0440EA0740A2E7C1F1B0
:1004600020068B4022FA06FC4CEA030C07FA01F442
:1004700020FA06F3F7404FEA1C49234300FA01F83B
:100480001FFA8CFEB7FBF9F01C0C09FB107744EA4D
:10049000074400FB0EF7A74202FA01F20AD91CEB4F
:1004A000040400F1FF3A80F09B80A74240F298805C
:1004B00002386444E41B9FB2B4FBF9F309FB134414
:1004C00047EA044403FB0EFEA64509D91CEB0404CD
:1004D00003F1FF3780F08280A6457FD9023B644458
:1004E00043EA0040A4EB0E04A0FB02E7BC427346C3
:1004F000B94663D360D05DB1B8EB030264EB090485
:1005000004FA06F622FA01F31E43CC40C5E9006462
:1005100000214CE76208480842EAC1710B0C43EA2B
:1005200000438AB242EA0342B3FBF6F1E407B44661
:100530003746B6461F23B0FBF6F0D21B41EA004116
:1005400061E7614614E7104628E7C3F1200120FA6D
:1005500001F29E4027FA01F19F403A434FEA164EBE
:100560001FFA86FCB1FBFEF70EFB1710110C41EAD7
:10057000004107FB0CF8884504FA03F43AD97118D6
:1005800007F1FF3001D288451FD8A1EB0801B1FB6C
:10059000FEF808FB0CF70EFB181192B242EA01427A
:1005A000BA422FD2B21808F1FF31C6D2BA42C4D231
:1005B000A8F102013244C0E7F0459CD2BEEB020331
:1005C00067EB0C070138B94695E7A6EB08084144EC
:1005D000B81EB1FBFEF808FB0CF7DCE73B467FE7F3
:1005E000504667E70846FBE63444023832E7023FEC
:1005F00032441BE7A1EB08013846B1FBFEF808FBCB
:100600000CF7C8E7414698E7704700BF80B500AFD8
:1006100000F0C6FB00F02AF800F0BEF800F092F8F7
:1006200007F0D0FD0D4B1B78DBB2002BFAD000F0A9
:10063000DBF80346002B07D1094B1B68094A1278E7
:100640001146184600F03EF9044B00221A70802231
:100650000021054808F0BCFBE4E700BF440200208D
:100660005402002058020020C401002080B594B03C
:1006700000AF07F11C0334220021184608F0A8FB44
:1006800007F1080300221A605A609A60DA601A6162
:1006900000237B60294B1B6C284A43F08053136472
:1006A000264B1B6C03F080537B607B6800233B6010
:1006B000234B1B68224A43F440431360204B1B68C2
:1006C00003F440433B603B680123FB614FF4A023EC
:1006D0003B6202237B634FF48003BB630823FB630D
:1006E0004FF4A8733B6402237B640723BB6402239B
:1006F000FB6407F11C03184603F032F80346002B95
:1007000001D000F019FA0F23BB600323FB60002324
:100710003B614FF4A0537B614FF48053BB6107F101
:1007200008030521184602F0A7F90346002B01D063
:1007300000F002FA00BF5037BD4680BD00380240CD
:100740000070004080B500AF114B124A1A60104B88
:100750004FF4E1325A600E4B00229A600C4B00229B
:10076000DA600B4B00221A61094B0C225A61084BCC
:1007700000229A61064B0022DA61054803F08EFAE6
:100780000346002B01D000F0D7F900BF80BD00BFA9
:100790007C0100200044004080B483B000AF0023FF
:1007A0007B60104B1B6B0F4A43F0800313630D4BB0
:1007B0001B6B03F080037B607B6800233B60094B6D
:1007C0001B6B084A43F001031363064B1B6B03F0DA
:1007D00001033B603B6800BF0C37BD465DF8047BFE
:1007E000704700BF0038024080B584B002AF0E4BA6
:1007F00000930E4B0E4A0F490F4808F0BBFA034610
:10080000FB71FB79032B01D0FF2309E008490B485A
:10081000FFF7FEFC0346002B01D0FF2300E000237E
:1008200018460837BD4680BD5802002054020020FB
:100830004802002034A00008C401002040A00008A5
:1008400080B487B000AFF8600B467A60FB72FB7A29
:10085000102B01D9FF232CE0FB683B6100237B6157
:1008600022E0174B1B687A6939690A441278120929
:10087000D2B21A447B695B0019467B680B4412783C
:100880001A700F4B1A687B6939690B441B7803F0A7
:100890000F031A447B695B00013379680B441278BB
:1008A0001A707B6901337B61FB7A7A699A42D8DBE3
:1008B000012318461C37BD465DF8047B704700BF16
:1008C0000000002080B59AB002AF78600B46FB7044
:1008D00007F130032D220021184608F079FA07F1BC
:1008E0000C0321220021184608F072FA7B68A7F851
:1008F0005E30002387F85D307B681B0C07F1300009
:1009000000936B4B6B4A2D2108F0FEF907F1300381
:100910001846FFF787FC0346DAB207F130031146A9
:10092000184600F0D1F803461A4607F1300307F1E4
:1009300030000092604A2D2108F0E6F907F13003FB
:100940001846FFF76FFC03469AB207F130031146D1
:10095000184607F007FD07F130032D220021184645
:1009600008F036FA90E0FB780F2B35D907F10C032D
:100970001A4610217868FFF763FFB7F85E3007F179
:10098000300007F10C020192009310234B4A2D21F5
:1009900008F0BAF907F130031846FFF743FC0346A5
:1009A000DAB207F130031146184600F08DF803461D
:1009B0001A4607F1300307F130000092404A2D211A
:1009C00008F0A2F97B6810337B607B68A7F85E3083
:1009D000FB78103BFB7035E007F10C02FB78194601
:1009E0007868FFF72DFFF978B7F85E3007F130002F
:1009F00007F10C02019200930B46304A2D2108F0BA
:100A000083F907F130031846FFF70CFC0346DAB20E
:100A100007F130031146184600F056F803461A460F
:100A200007F1300307F130000092254A2D2108F02C
:100A30006BF9FB787A6813447B607B68A7F85E30BB
:100A40000023FB7007F130031846FFF7EBFB03466A
:100A50009AB207F130031146184607F083FC0346AB
:100A600087F85D3097F85D30012BEBD007F10C0370
:100A700021220021184608F0ABF907F130032D229E
:100A80000021184608F0A4F9FB78002B7FF46BAF27
:100A90000B210C4807F066FC034687F85D3097F899
:100AA0005D30012BF4D000BF00BF6037BD4680BD74
:100AB00048A0000854A0000860A000086CA000082E
:100AC0007CA0000884A0000880B586B000AF7860E4
:100AD0000B46FB700023BB7300237B610023FB727A
:100AE00001233B611AE03B697A6813441B783B732E
:100AF0003B6901337A6813441B787B7307F10B025F
:100B000007F10C030B49184608F034F9FB7A1A4632
:100B10007B6913447B613B6902333B61FB783A6933
:100B20009A42E0DB7B69DBB25B42DBB218461837E6
:100B3000BD4680BD90A0000880B400AF72B600BF73
:100B400000BFFDE780B483B000AF00237B60104B93
:100B50005B6C0F4A43F4804353640D4B5B6C03F4AE
:100B600080437B607B6800233B60094B1B6C084A19
:100B700043F080531364064B1B6C03F080533B60BF
:100B80003B6800BF0C37BD465DF8047B704700BF73
:100B90000038024080B58AB000AF786007F11403D6
:100BA00000221A605A609A60DA601A617B681B68DA
:100BB0001D4A934233D100233B611C4B1B6C1B4AE3
:100BC00043F400331364194B1B6C03F400333B6193
:100BD0003B690023FB60154B1B6B144A43F0010378
:100BE0001363124B1B6B03F00103FB60FB680C23C8
:100BF0007B610223BB610023FB6103233B6207236C
:100C00007B6207F114031946094800F003FB002238
:100C10000021262000F035FA262000F04EFA00BF11
:100C20002837BD4680BD00BF004400400038024068
:100C30000000024080B400AF00BFFDE780B400AF09
:100C400000BFFDE780B400AF00BFFDE780B400AF98
:100C500000BFFDE780B400AF00BFFDE780B400AF88
:100C600000BFBD465DF8047B704780B400AF00BF95
:100C7000BD465DF8047B704780B400AF00BFBD4641
:100C80005DF8047B704780B500AF00F0DBF800BF73
:100C900080BD000080B500AF024803F04FF800BFF0
:100CA00080BD00BF7C01002080B500AF024800F08D
:100CB00090FD00BF80BD00BF4417002080B586B006
:100CC00000AF7860144A154BD31A7B617B693B6196
:100CD000134B1B68002B02D1114B124A1A60104BA8
:100CE0001A687B6813443A699A4207D208F08CF874
:100CF00003460C221A604FF0FF3309E0084B1B68D3
:100D0000FB60074B1A687B681344054A1360FB6855
:100D100018461837BD4680BD0000022000040000C0
:100D20005C020020901F002080B400AF064BD3F877
:100D30008830054A43F47003C2F8883000BFBD46CE
:100D40005DF8047B704700BF00ED00E0DFF834D0B1
:100D5000FFF7EAFF0C480D490D4A002302E0D45882
:100D6000C4500433C4188C42F9D30A4A0A4C0023F5
:100D700001E013600432A242FBD308F04BF8FFF706
:100D800045FC7047000002200000002060010020A8
:100D900060A2000860010020901F0020FEE7000014
:100DA00080B500AF0E4B1B680D4A43F4007313600F
:100DB0000B4B1B680A4A43F480631360084B1B68A3
:100DC000074A43F480731360032000F04FF90F20AB
:100DD00000F008F8FFF7B6FE0023184680BD00BFFC
:100DE000003C024080B582B000AF7860124B1A68B8
:100DF000124B1B7819464FF47A73B3FBF1F3B2FB35
:100E0000F3F3184600F067F90346002B01D00123E5
:100E10000EE07B680F2B0AD8002279684FF0FF3074
:100E200000F02FF9064A7B681360002300E00123DD
:100E300018460837BD4680BD040000200C00002085
:100E40000800002080B400AF064B1B781A46064B02
:100E50001B681344044A136000BFBD465DF8047B61
:100E6000704700BF0C0000206002002080B400AF7B
:100E7000034B1B681846BD465DF8047B704700BFF6
:100E80006002002080B584B000AF7860FFF7EEFF0D
:100E9000B8607B68FB60FB68B3F1FF3F05D00A4B8D
:100EA0001B781A46FB681344FB6000BFFFF7DEFFA8
:100EB0000246BB68D31AFA689A42F7D800BF00BF4F
:100EC0001037BD4680BD00BF0C00002080B485B047
:100ED00000AF78607B6803F00703FB600C4BDB68B6
:100EE000BB60BA684FF6FF031340BB60FB681A0291
:100EF000BB68134343F0BF6343F40033BB60044A51
:100F0000BB68D36000BF1437BD465DF8047B7047F3
:100F100000ED00E080B400AF044BDB681B0A03F077
:100F200007031846BD465DF8047B704700ED00E0FE
:100F300080B483B000AF0346FB7197F90730002BF4
:100F40000BDBFB7903F01F02074997F907305B09B8
:100F5000012000FA02F241F8232000BF0C37BD4601
:100F60005DF8047B704700BF00E100E080B483B00F
:100F700000AF03463960FB7197F90730002B0ADB9D
:100F80003B68DAB20C4997F907301201D2B20B4430
:100F900083F800230AE03B68DAB20849FB7903F0E2
:100FA0000F03043B1201D2B20B441A7600BF0C3778
:100FB000BD465DF8047B704700E100E000ED00E015
:100FC00080B489B000AFF860B9607A60FB6803F064
:100FD0000703FB61FB69C3F10703042B28BF04234C
:100FE000BB61FB690433062B02D9FB69033B00E0BC
:100FF00000237B614FF0FF32BB6902FA03F3DA434F
:10100000BB681A407B699A404FF0FF317B6901FA57
:1010100003F3D9437B680B40134318462437BD467E
:101020005DF8047B7047000080B582B000AF786047
:101030007B68013BB3F1807F01D301230FE00A4AB3
:101040007B68013B53600F214FF0FF30FFF78EFFAD
:10105000054B00229A60044B07221A6000231846B1
:101060000837BD4680BD00BF10E000E080B582B00B
:1010700000AF78607868FFF729FF00BF0837BD46EA
:1010800080BD80B586B000AF0346B9607A60FB735F
:1010900000237B61FFF73EFF78617A68B968786961
:1010A000FFF78EFF024697F90F3011461846FFF7FB
:1010B0005DFF00BF1837BD4680BD80B582B000AF70
:1010C0000346FB7197F907301846FFF731FF00BF61
:1010D0000837BD4680BD80B582B000AF78607868C3
:1010E000FFF7A2FF034618460837BD4680BD80B50E
:1010F00084B000AF78607B689B6DFB60FFF7B6FE45
:10110000B8607B6893F83530DBB2022B08D07B687F
:1011100080225A657B68002283F83420012352E044
:101120007B681B681A687B681B6822F016021A60CD
:101130007B681B685A697B681B6822F080025A61D1
:101140007B681B6C002B03D17B689B6C002B07D04A
:101150007B681B681A687B681B6822F008021A60AB
:101160007B681B681A687B681B6822F001021A60A2
:1011700013E0FFF77BFE0246BB68D31A052B0CD9A0
:101180007B6820225A657B68032283F835207B68C0
:10119000002283F83420032315E07B681B681B685A
:1011A00003F00103002BE4D17B68DB6D3F229A4002
:1011B000FB689A607B68012283F835207B680022F7
:1011C00083F83420002318461037BD4680BD80B414
:1011D00083B000AF78607B6893F83530DBB2022BC8
:1011E00004D07B6880225A6501230CE07B680522CD
:1011F00083F835207B681B681A687B681B6822F0BF
:1012000001021A60002318460C37BD465DF8047BC6
:101210007047000080B489B000AF78603960002367
:101220007B6100233B610023BB610023FB6165E11F
:101230000122FB6902FA03F37B613B681B687A6950
:1012400013403B613A697B699A4240F054813B68A4
:101250005B6803F00303012B05D03B685B6803F078
:101260000303022B30D17B689B68BB61FB695B0089
:10127000032202FA03F3DB43BA691340BB613B6804
:10128000DA68FB695B0002FA03F3BA691343BB61D6
:101290007B68BA699A607B685B68BB610122FB6905
:1012A00002FA03F3DB43BA691340BB613B685B6836
:1012B0001B0903F00102FB6902FA03F3BA69134345
:1012C000BB617B68BA695A603B685B6803F00303E3
:1012D000032B17D07B68DB68BB61FB695B000322D3
:1012E00002FA03F3DB43BA691340BB613B689A68B7
:1012F000FB695B0002FA03F3BA691343BB617B68C5
:10130000BA69DA603B685B6803F00303022B23D100
:10131000FB69DA087B68083253F82230BB61FB694D
:1013200003F007039B000F2202FA03F3DB43BA69C1
:101330001340BB613B681A69FB6903F007039B001C
:1013400002FA03F3BA691343BB61FB69DA087B68ED
:101350000832B96943F822107B681B68BB61FB69DE
:101360005B00032202FA03F3DB43BA691340BB615B
:101370003B685B6803F00302FB695B0002FA03F35E
:10138000BA691343BB617B68BA691A603B685B68E2
:1013900003F44033002B00F0AE800023FB605D4B74
:1013A0005B6C5C4A43F4804353645A4B5B6C03F4BC
:1013B0008043FB60FB68584AFB699B08023352F884
:1013C0002330BB61FB6903F003039B000F2202FA89
:1013D00003F3DB43BA691340BB617B684F4A934216
:1013E00025D07B684E4A93421FD07B684D4A93427A
:1013F00019D07B684C4A934213D07B684B4A934286
:101400000DD07B684A4A934207D07B68494A934291
:1014100001D106230CE007230AE0052308E004239A
:1014200006E0032304E0022302E0012300E000239E
:10143000FA6902F0030292009340BA691343BB6158
:101440003549FB699B080233BA6941F823203A4BBE
:101450009B68BB613B69DB43BA691340BB613B6876
:101460005B6803F48013002B03D0BA693B69134314
:10147000BB61314ABB6993602F4BDB68BB613B6941
:10148000DB43BA691340BB613B685B6803F400133C
:10149000002B03D0BA693B691343BB61264ABB6981
:1014A000D360254B5B68BB613B69DB43BA69134082
:1014B000BB613B685B6803F40033002B03D0BA695F
:1014C0003B691343BB611C4ABB6953601A4B1B68E1
:1014D000BB613B69DB43BA691340BB613B685B6836
:1014E00003F48033002B03D0BA693B691343BB611B
:1014F000114ABB691360FB690133FB61FB690F2B68
:101500007FF696AE00BF00BF2437BD465DF8047B72
:10151000704700BF00380240003801400000024020
:101520000004024000080240000C0240001002408B
:101530000014024000180240003C014080B586B013
:1015400002AF78607B68002B01D1012308E17B6842
:101550001B68BB607B6893F89534DBB2002B06D127
:101560007B68002283F89424786807F055F87B683C
:10157000032283F89524BB68B3F1A04F02D17B68A6
:1015800000229A717B681B68184603F0D0FB7B68C9
:1015900018687B681A7C8DF8002004330ECB03F0AA
:1015A000AFFA0346002B05D07B68022283F895240E
:1015B0000123D5E07B681B680021184603F0C8FBB7
:1015C0000346002B05D07B68022283F89524012373
:1015D000C6E00023FB734AE0FA7B79681346DB0020
:1015E00013449B000B44153301221A70FA7B79686F
:1015F0001346DB0013449B000B441433FA7B1A7030
:10160000FA7BFB7B98B279681346DB0013449B009E
:101610000B442E3302461A80FA7B79681346DB00AE
:1016200013449B000B44183300221A70FA7B79682C
:101630001346DB0013449B000B441C3300221A604A
:10164000FA7B79681346DB0013449B000B4420337C
:1016500000221A60FA7B79681346DB0013449B0072
:101660000B44243300221A60FB7B0133FB737B683D
:101670001B79FA7B9A42AFD30023FB7344E0FA7BD9
:1016800079681346DB0013449B000B4403F2552397
:1016900000221A70FA7B79681346DB0013449B0022
:1016A0000B4403F51573FA7B1A70FA7B79681346BD
:1016B000DB0013449B000B4403F5167300221A70E1
:1016C000FA7B79681346DB0013449B000B4403F557
:1016D000177300221A60FA7B79681346DB00134403
:1016E0009B000B4403F5187300221A60FA7B79689B
:1016F0001346DB0013449B000B4403F519730022CF
:101700001A60FB7B0133FB737B681B79FA7B9A427F
:10171000B5D37B6818687B681A7C8DF80020043389
:101720000ECB03F061FB0346002B05D07B68022241
:1017300083F89524012313E07B6800225A747B68A8
:10174000012283F895247B681B7B012B02D17868EA
:1017500001F06EF97B681B68184604F09EFB0023BD
:1017600018461037BD4680BD80B584B000AF7860A4
:101770007B681B68FB607B6893F89434012B01D174
:10178000022322E07B68012283F89424FB68DB6853
:1017900003F04003002B09D07B685B7B012B05D154
:1017A000FB689B6B43F48032FB689A637B681B6821
:1017B000184603F0ABFA7B681B68184604F04CFB34
:1017C0007B68002283F89424002318461037BD4616
:1017D00080BD90B58DB000AF78607B681B683B62C0
:1017E0003B6AFB617B681B68184604F00AFC0346F1
:1017F000002B40F0B9847B681B68184604F06EFB30
:101800000346002B00F0AF84FB6903F500639B687F
:101810001B0AC3F30D027B68C3F8D4247B681B68E2
:10182000184604F05BFB034603F00203022B07D1CA
:101830007B681B685A697B681B6802F002025A6168
:101840007B681B68184604F049FB034603F010034D
:10185000102B61D17B681B689A697B681B6822F03A
:1018600010029A613B6A1B6ABB61BB6903F00F02FD
:101870001346DB0013449B0003F514737A6813448A
:1018800004337B61BB6903F4F013B3F5802F24D1DB
:10189000BA6947F6F0731340002B35D07B69D968DD
:1018A000BB691B099BB2C3F30A039BB21A46386A91
:1018B00004F080F97B69DA68BB691B09C3F30A038A
:1018C0001A447B69DA607B695A69BB691B09C3F3F7
:1018D0000A031A447B695A6116E0BB6903F4F013EA
:1018E000B3F5402F10D17B6803F29C4308221946C0
:1018F000386A04F05FF97B695A69BB691B09C3F355
:101900000A031A447B695A617B681B689A697B6881
:101910001B6842F010029A617B681B68184604F04D
:10192000DDFA034603F40023B3F5002F40F0A7804F
:1019300000237B627B681B68184604F0E2FAB862F9
:1019400099E0BB6A03F00103002B00F08E807B68F6
:101950001B687A6AD2B21146184604F006FB386159
:101960003B6903F00103002B0CD07B6A5A01FB6931
:10197000134403F530631A4601239360796A78684B
:1019800000F0D0FE3B6903F00803002B0CD07B6A0B
:101990005A01FB69134403F530631A460823936028
:1019A000796A786800F0A6FF3B6903F01003002B0A
:1019B00008D07B6A5A01FB69134403F530631A4669
:1019C000102393603B6903F00203002B30D03B6A85
:1019D0005B6903F08003802B09D1FB6903F5006389
:1019E0005B68FA6902F5006243F4806353607A6AC7
:1019F0001346DB0013449B0003F514737A68134409
:101A000004337B617B69DB78012B08D17B69002281
:101A1000DA707B6ADBB21946786806F019FF7B6AD8
:101A20005A01FB69134403F530631A46022393609D
:101A30003B6903F02003002B08D07B6A5A01FB6945
:101A4000134403F530631A46202393603B6903F483
:101A50000053002B09D07B6A5A01FB69134403F53C
:101A600030631A464FF4005393607B6A01337B6204
:101A7000BB6A5B08BB62BB6A002B7FF462AF7B680A
:101A80001B68184604F02AFA034603F48023B3F5D2
:101A9000802F40F0DB807B681B68184604F04BFA0F
:101AA000B86200237B62CDE0BB6A03F00103002B28
:101AB00000F0C2807B681B687A6AD2B21146184671
:101AC00004F071FA38613B6903F00103002B57D031
:101AD0007B6A03F00F03012202FA03F3FB60FB6948
:101AE00003F500635A6BFB68DB43F96901F500619C
:101AF00013404B637B6A5A01FB69134403F510637F
:101B00001A46012393607B689B79012B32D1796857
:101B10007A6A1346DB0013449B000B442033196898
:101B200078687A6A1346DB0013449B0003441C3335
:101B30001B68194478687A6A1346DB0013449B00DB
:101B40000344203319607B6A002B13D179687A6AC9
:101B50001346DB0013449B000B4424331B68002B0B
:101B600008D17B6818687B6803F29C431A46012100
:101B700004F078FA7B6ADBB21946786806F0E3FD78
:101B80003B6903F00803002B08D07B6A5A01FB690C
:101B9000134403F510631A46082393603B6903F06E
:101BA0001003002B08D07B6A5A01FB69134403F52C
:101BB00010631A46102393603B6903F04003002B27
:101BC00008D07B6A5A01FB69134403F510631A4677
:101BD000402393603B6903F00203002B23D0796A12
:101BE000386A03F05FFA7A6A1346DB0013449B00FD
:101BF00010337A68134404337B617B69DB78012BF3
:101C000008D17B690022DA707B6ADBB219467868FA
:101C100006F030FE7B6A5A01FB69134403F510633A
:101C20001A46022393603B6903F08003002B03D024
:101C3000796A786800F0EAFC7B6A01337B62BB6AF0
:101C40005B08BB62BB6A002B7FF42EAF7B681B680E
:101C5000184604F043F9034603F00043B3F1004F84
:101C600022D1FB6903F500635B68FA6902F5006243
:101C700023F0010353607B6893F8CC34012B08D127
:101C80007B68002283F8CC240021786806F0AAFF44
:101C900002E0786806F0CEFD7B681B685A697B68B5
:101CA0001B6802F000425A617B681B68184604F00A
:101CB00015F9034603F40063B3F5006F12D1FB6915
:101CC00003F500639B6803F00103012B02D17868E0
:101CD00006F08AFD7B681B685A697B681B6802F402
:101CE00000625A617B681B68184604F0F7F80346E7
:101CF00003F00063B3F1006F21D17B681B685A6960
:101D00007B681B6802F000625A617B6893F8CC34F0
:101D1000002B11D17B68012283F8CC247B681B68DF
:101D20005B6D9B0803F00F027B68C3F8D024012190
:101D3000786806F057FF02E0786806F055FD7B688A
:101D40001B68184604F0CAF8034603F48053B3F541
:101D5000805F40F0B780FB6903F500635B68FA6958
:101D600002F5006223F0010353607B681B681021B9
:101D7000184603F097F90023FB6246E0FB6A5A011C
:101D8000FB69134403F510631A464FF67F339360E3
:101D9000FB6A5A01FB69134403F510631B68FA6A76
:101DA0005101FA690A4402F5106223F4001313602A
:101DB000FB6A5A01FB69134403F530631A464FF678
:101DC0007F339360FB6A5A01FB69134403F5306368
:101DD0001B68FA6A5101FA690A4402F5306223F479
:101DE00000131360FB6A5A01FB69134403F5306367
:101DF0001B68FA6A5101FA690A4402F5306243F03D
:101E000000631360FB6A0133FB627B681B791A462F
:101E1000FB6A9342B2D3FB6903F50063DB69FA699D
:101E200002F5006243F00113D3617B68DB7B002B7A
:101E300016D0FB6903F50063D3F88430FA6902F524
:101E4000006243F00B03C2F88430FB6903F50063C2
:101E50005B6CFA6902F5006243F00B03536415E012
:101E6000FB6903F500635B69FA6902F5006243F4FC
:101E7000005343F02B035361FB6903F500631B69B7
:101E8000FA6902F5006243F00B031361FB6903F585
:101E900000631B68FA6902F5006223F4FE631360B5
:101EA0007B6818687B6899797B6803F29C431A46C3
:101EB00004F0D8F87B681B685A697B681B6802F4D9
:101EC00080525A617B681B68184604F007F8034685
:101ED00003F40053B3F5005F23D17B681B681846F9
:101EE00004F09DF87B681B68184603F054F903461C
:101EF0001A467B68DA717B681C6800F0A3FE014615
:101F00007B68DB791A46204602F05EFE786806F0B0
:101F100042FC7B681B685A697B681B6802F40052AC
:101F20005A617B681B68184603F0D8FF034603F02C
:101F30000803082B0AD1786806F01FFC7B681B6831
:101F40005A697B681B6802F008025A617B681B684B
:101F5000184603F0C3FF034603F08003802B23D110
:101F60003B6A9B6923F080023B6A9A6101237B6292
:101F700014E079687A6A1346DB0013449B000B4433
:101F800003F257231B78012B05D17B6ADBB219467C
:101F9000786800F00AFB7B6A01337B627B681B79FF
:101FA0001A467B6A9342E4D37B681B68184603F0A9
:101FB00095FF034603F48013B3F5801F3CD1012342
:101FC0007B622BE07B6A5A01FB69134403F51063C3
:101FD0001B68BB6179687A6A1346DB0013449B0077
:101FE0000B4418331B78012B15D1BB69002B12DA77
:101FF00079687A6A1346DB0013449B000B4417335D
:1020000001221A707B6ADBB263F07F03DBB21946F0
:10201000786800F0CAFA7B6A01337B627B681B79BF
:102020001A467B6A9342CDD37B681B685A697B68EA
:102030001B6802F480125A617B681B68184603F023
:102040004DFF034603F40013B3F5001F56D10123DF
:102050007B6245E07B6A5A01FB69134403F53063F8
:102060001B68BB6179687A6A1346DB0013449B00E6
:102070000B4403F516731B78012B2ED1BB69002B83
:102080002BDABB691A0C7B68D3F8D434534003F0C5
:102090000103002B21D179687A6A1346DB001344CF
:1020A0009B000B4403F2572301221A703B6A9B6981
:1020B00043F080023B6A9A613B6A5B6903F08003EC
:1020C000002B0AD1FB6903F500635B68FA6902F52E
:1020D000006243F40073536008E07B6A01337B6263
:1020E0007B681B791A467B6A9342B3D37B681B6873
:1020F0005A697B681B6802F400125A617B681B688E
:10210000184603F0EBFE034603F08043B3F1804F23
:102110000AD1786806F0C0FB7B681B685A697B6847
:102120001B6802F080425A617B681B68184603F006
:10213000D5FE034603F00403042B15D17B681B680E
:102140005B68BB61BB6903F00403002B02D07868B5
:1021500006F0B0FB7B681B6859687B681B68BA692E
:102160000A435A6000E000BF3437BD4690BD80B5D9
:1021700082B000AF78600B46FB707B6893F89434B4
:10218000012B01D1022312E07B68012283F8942401
:102190007B68FA785A747B681B68FA78114618468F
:1021A00003F034FE7B68002283F894240023184651
:1021B0000837BD4680BD80B584B000AF7860084662
:1021C00011461A460346FB700B463B801346BB7014
:1021D0000023FB7297F90330002B0FDAFB7803F032
:1021E0000F021346DB0013449B0010337A6813443C
:1021F0000433FB60FB6801225A700FE0FB7803F0A8
:102200000F021346DB0013449B0003F514737A6836
:1022100013440433FB60FB6800225A70FB7803F020
:102220000F03DAB2FB681A703B88C3F30A02FB683B
:102230009A60FB68BA781A71FB685B78002B04D04F
:10224000FB681B781A46FB685A83BB78022B02D1C5
:10225000FB6800225A717B6893F89434012B01D1FA
:1022600002230EE07B68012283F894247B681B68BC
:10227000F968184602F0B4FF7B68002283F89424C2
:10228000FB7A18461037BD4680BD80B584B000AFDC
:1022900078600B46FB7097F90330002B0FDAFB7860
:1022A00003F00F021346DB0013449B0010337A68DF
:1022B00013440433FB60FB6801225A700FE0FB7883
:1022C00003F00F021346DB0013449B0003F5147365
:1022D0007A6813440433FB60FB6800225A70FB7871
:1022E00003F00F03DAB2FB681A707B6893F894343A
:1022F000012B01D102230EE07B68012283F8942494
:102300007B681B68F968184602F0F2FF7B680022C0
:1023100083F89424002318461037BD4680BD80B54D
:1023200086B000AFF8607A603B600B46FB72FB7AC8
:1023300003F00F021346DB0013449B0003F51473F4
:10234000FA68134404337B617B697A68DA607B69DD
:102350003A681A617B6900225A617B6900225A70CF
:10236000FB7A03F00F03DAB27B691A70FB689B7982
:10237000012B02D17A687B69DA61FB681868FB6817
:102380009B791A46796903F08FF8002318461837AD
:10239000BD4680BD80B483B000AF78600B46FB7053
:1023A000FB7803F00F0279681346DB0013449B00AF
:1023B0000B4403F51A731B6818460C37BD465DF8CD
:1023C000047B704780B586B000AFF8607A603B60F0
:1023D0000B46FB72FB7A03F00F021346DB0013443B
:1023E0009B001033FA68134404337B617B697A687D
:1023F000DA607B693A681A617B6900225A617B69FD
:1024000001225A70FB7A03F00F03DAB27B691A706B
:10241000FB689B79012B02D17A687B69DA61FB68E2
:102420001868FB689B791A46796903F03DF8002328
:1024300018461837BD4680BD80B584B000AF7860BF
:102440000B46FB70FB7803F00F037A681279934216
:1024500001D901234FE097F90330002B0FDAFB7805
:1024600003F00F021346DB0013449B0010337A681D
:1024700013440433FB60FB6801225A700DE0FA78C4
:102480001346DB0013449B0003F514737A6813446E
:102490000433FB60FB6800225A70FB6801229A70CB
:1024A000FB7803F00F03DAB2FB681A707B6893F8CD
:1024B0009434012B01D102231DE07B68012283F8B3
:1024C00094247B681B68F968184603F0CBFBFB7803
:1024D00003F00F03002B09D17B6818687B6899799A
:1024E0007B6803F29C431A4603F0BCFD7B68002224
:1024F00083F89424002318461037BD4680BD80B56C
:1025000084B000AF78600B46FB70FB7803F00F03DC
:102510007A681279934201D9012342E097F9033096
:10252000002B0FDAFB7803F00F021346DB00134495
:102530009B0010337A6813440433FB60FB6801226C
:102540005A700FE0FB7803F00F021346DB001344D0
:102550009B0003F514737A6813440433FB60FB6833
:1025600000225A70FB6800229A70FB7803F00F0378
:10257000DAB2FB681A707B6893F89434012B01D1AE
:1025800002230EE07B68012283F894247B681B6899
:10259000F968184603F0D4FB7B68002283F8942482
:1025A000002318461037BD4680BD80B584B000AF0B
:1025B00078600B46FB7097F90330002B0CDAFB7840
:1025C00003F00F021346DB0013449B0010337A68BC
:1025D00013440433FB600CE0FB7803F00F02134656
:1025E000DB0013449B0003F514737A68134404332F
:1025F000FB607B681B68F968184603F0F3F9034633
:10260000FB72FB7A18461037BD4680BD80B58AB094
:1026100002AF786039607B681B687B617B693B61D6
:102620003A681346DB0013449B0010337A68134466
:102630000433FB60FB685A69FB681B699A4201D945
:1026400001236BE0FB681A69FB685B69D31AFB61C5
:10265000FB689B68FA699A4202D9FB689B68FB6138
:10266000FB6903339B08BB612AE0FB681A69FB68BE
:102670005B69D31AFB61FB689B68FA699A4202D9CD
:10268000FB689B68FB61FB6903339B08BB61FB68CC
:10269000D9683B68DAB2FB6998B27B689B79009392
:1026A0000346786903F048FAFB68DA68FB691A4464
:1026B000FB68DA60FB685A69FB691A44FB685A6177
:1026C0003B685A013B69134403F510639B699BB255
:1026D000BA699A4209D8FB685A69FB681B699A4231
:1026E00003D2FB681B69002BBFD1FB681A69FB682A
:1026F0005B699A4211D83B6803F00F03012202FA8A
:1027000003F3BB603B6903F500635A6BBB68DB43B3
:10271000396901F5006113404B63002318462037E7
:10272000BD4680BD80B588B000AF786039607B68F9
:102730001B68FB61FB69BB61FB693C3304331B68AD
:102740007B613B685A01BB69134403F530639B68A6
:102750003B617B689B79012B7BD13B6903F00803CC
:10276000002B15D07B69614A934240F2B9803B69E6
:1027700003F40043002B00F0B3803B685A01BB69AF
:10278000134403F530631A464FF400439360A7E007
:102790003B6903F02003002B09D03B685A01BB6959
:1027A000134403F530631A462023936098E03B6995
:1027B00003F02803002B40F093807B694B4A93423F
:1027C0000FD93B6903F40043002B0AD03B685A0140
:1027D000BB69134403F530631A464FF4004393601A
:1027E0007EE03A681346DB0013449B0003F5147344
:1027F0007A6813440433FB60FB681A6A3B6859012A
:10280000BB690B4403F530631B69C3F31203D21A8F
:10281000FB685A613B68002B14D1FB681B69002BD5
:1028200009D17B6818687B6803F29C431A46012132
:1028300003F018FC06E0FB68DA68FB685B691A4481
:10284000FB68DA603B68DBB21946786805F060FF28
:1028500046E07B69264A934224D13B6903F4004356
:10286000002B0AD03B685A01BB69134403F530635F
:102870001A464FF40043936032E03B6903F02003B3
:10288000002B08D03B685A01BB69134403F5306341
:102890001A46202393603B68DBB21946786805F03E
:1028A00037FF1DE03B68002B14D179683A68134666
:1028B000DB0013449B000B4403F519731B68002BCA
:1028C00008D17B6818687B6803F29C431A46002194
:1028D00003F0C8FB3B68DBB21946786805F018FFC7
:1028E000002318462037BD4680BD00BF0A30544F34
:1028F0000A31544F80B586B000AF786039607B688C
:102900001B687B617B693B617B693C3304331B68DB
:10291000FB603B685A013B69134403F530639B68D5
:10292000BB60FB68154A93420ED9BB6803F40043B1
:10293000002B09D03B685A013B69134403F530630F
:102940001A464FF400439360786805F0CFFEFB68A9
:102950000A4A93420CD97B689B79012B08D17B688A
:1029600018687B6803F29C431A46012103F07AFB46
:10297000002318461837BD4680BD00BF0A30544FAB
:1029800080B485B000AF78600B46FB7013463B8087
:102990007B681B685B6ABB60FB78002B07D13B88B8
:1029A00019047B681B68BA680A439A6228E07B684E
:1029B0001B689B6A1B0CBA681344BB600023FB7343
:1029C0000DE07B681A68FB7B40339B0013445B6817
:1029D0001B0CBA681344BB60FB7B0133FB73FA7BAF
:1029E000FB78013B9A42ECD33B8818047B6819685A
:1029F000FB78013BBA68024340339B000B445A60AA
:102A0000002318461437BD465DF8047B704780B438
:102A100083B000AF78600B467B807B681B687A8848
:102A20005A62002318460C37BD465DF8047B704798
:102A300080B485B000AF78607B681B68FB607B6802
:102A40000122C3F8D8247B68002283F8CC24FB68D9
:102A50009B6943F00062FB689A61FB685B6D43F021
:102A6000805343F00303FA68536500231846143774
:102A7000BD465DF8047B704780B584B000AF7860D8
:102A800039607B68002B01D10123CCE0684B1B68C7
:102A900003F00F033A689A420CD9654B3A68D2B2F8
:102AA0001A70634B1B6803F00F033A689A4201D017
:102AB0000123B8E07B681B6803F00203002B20D0E1
:102AC0007B681B6803F00403002B05D0594B9B68FF
:102AD000584A43F4E05393607B681B6803F0080393
:102AE000002B05D0534B9B68524A43F460439360DC
:102AF000504B9B6823F0F0027B689B684D49134361
:102B00008B607B681B6803F00103002B44D07B685B
:102B10005B68012B07D1474B1B6803F40033002B84
:102B200019D101237FE07B685B68022B03D07B68AF
:102B30005B68032B07D13F4B1B6803F00073002B2E
:102B400009D101236FE03B4B1B6803F00203002B0C
:102B500001D1012367E0374B9B6823F003027B68B8
:102B60005B68344913438B60FEF780F9F8600AE034
:102B7000FEF77CF90246FB68D31A41F28832934291
:102B800001D903234FE02B4B9B6803F00C027B68B9
:102B90005B689B009A42EBD1254B1B6803F00F0347
:102BA0003A689A420CD2224B3A68D2B21A70204B41
:102BB0001B6803F00F033A689A4201D0012332E008
:102BC0007B681B6803F00403002B08D0194B9B683B
:102BD00023F4E0527B68DB68164913438B607B6803
:102BE0001B6803F00803002B09D0124B9B6823F4E9
:102BF00060427B681B69DB000E4913438B6000F069
:102C00007FFB02460B4B9B681B0903F00F030A492D
:102C1000CB5C22FA03F3094A1360094B1B68184680
:102C2000FEF7E0F8002318461037BD4680BD00BF10
:102C3000003C024000380240E8A0000804000020E8
:102C40000800002080B400AF034B1B681846BD4647
:102C50005DF8047B704700BF0400002080B500AF22
:102C6000FFF7F0FF0246054B9B689B0A03F0070342
:102C70000349CB5C22FA03F3184680BD00380240BA
:102C8000F8A0000880B500AFFFF7DCFF0246054B57
:102C90009B685B0B03F007030349CB5C22FA03F349
:102CA000184680BD00380240F8A0000880B58CB0FE
:102CB00000AF786000237B6200233B620023FB614E
:102CC0000023BB6100237B6100233B610023FB6089
:102CD0000023FB620023BB627B681B6803F00103D7
:102CE000002B10D06F4BD3F88C3023F0C0627B6880
:102CF0009B6B6C491343C1F88C307B689B6B002B3A
:102D000001D10123FB627B681B6803F00203002BE7
:102D100010D0644BD3F88C3023F0C0527B68DB6B4F
:102D200060491343C1F88C307B68DB6B002B01D109
:102D30000123FB627B681B6803F00403002B17D0A0
:102D4000584BD3F88C3023F440127B681B6B5549E9
:102D50001343C1F88C307B681B6BB3F5801F01D126
:102D60000123FB627B681B6B002B01D10123BB623B
:102D70007B681B6803F00803002B17D0494BD3F87E
:102D80008C3023F440027B685B6B46491343C1F8E7
:102D90008C307B685B6BB3F5800F01D10123FB6244
:102DA0007B685B6B002B01D10123BB627B681B68D6
:102DB00003F02003002B00F08A800023BB60394B16
:102DC0001B6C384A43F080531364364B1B6C03F082
:102DD0008053BB60BB68344B1B68334A43F4807339
:102DE0001360FEF743F8786208E0FEF73FF802460A
:102DF0007B6AD31A022B01D9032378E22A4B1B6882
:102E000003F48073002BF0D0264B1B6F03F4407348
:102E10003B623B6A002B2FD07B681B6C03F4407332
:102E20003A6A9A4228D01F4B1B6F23F440733B62CF
:102E30001E4B01221A601D4B00221A60194A3B6A80
:102E40001367184B1B6F03F00103012B14D1FEF71E
:102E50000DF878620AE0FEF709F802467B6AD31A99
:102E600041F28832934201D9032340E20D4B1B6F9C
:102E700003F00203002BEED07B681B6C03F440735D
:102E8000B3F5407F14D1074B9B6823F4F8127B689D
:102E90001B6C23F0704323F44073024913438B608F
:102EA0000CE000BF0038024000700040400E474276
:102EB0004A4B9B68494A23F4F8139360474B1A6FB7
:102EC0007B681B6CC3F30B03444913430B677B689C
:102ED0001B6803F01003002B04D07B6893F8582084
:102EE0003F4B1A607B681B6803F08003002B0AD0FD
:102EF0003A4BD3F8943023F440027B68DB6C3749BB
:102F00001343C1F894307B681B6803F04003002B27
:102F10000AD0324BD3F8943023F080627B689B6CEC
:102F20002E491343C1F894307B681B6803F4807307
:102F3000002B11D0294BD3F8943023F000627B682A
:102F40005B6D26491343C1F894307B685B6DB3F128
:102F5000006F01D10123BB627B681B6803F400731F
:102F6000002B0AD01D4BD3F8943023F080527B689D
:102F70005B6C1A491343C1F894307B681B6803F4F7
:102F80008063002B11D0154BD3F8943023F00052FE
:102F90007B681B6D11491343C1F894307B681B6D2E
:102FA000B3F1005F01D10123FB62FB6A012B05D065
:102FB0007B681B68B3F5006F40F0FF80094B00226F
:102FC0001A60FDF753FF78620EE0FDF74FFF0246EF
:102FD0007B6AD31A022B07D9032388E10038024009
:102FE000E0114742680047427E4B1B6803F00063D4
:102FF000002BEAD17B681B6803F00103002B03D090
:103000007B689B6B002B09D07B681B6803F0020375
:10301000002B28D07B68DB6B002B24D1714BD3F8BD
:1030200084301B0C03F0030301335B00FB616D4B29
:10303000D3F884301B0E03F00F03BB617B685A6822
:103040007B689B689B011A43FB695B08013B1B047F
:103050001A43BB691B061A437B685B691B076149FE
:103060001343C1F884307B681B6803F00403002B12
:1030700004D07B681B6BB3F5801F0AD07B681B688C
:1030800003F00803002B35D07B685B6BB3F5800F32
:1030900030D1544BD3F884301B0C03F003030133BD
:1030A0005B00FB614F4BD3F884301B0F03F0070329
:1030B0007B617B685A687B689B689B011A43FB694C
:1030C0005B08013B1B041A437B681B691B061A4300
:1030D0007B691B0743491343C1F88430414BD3F844
:1030E0008C3023F01F027B689B6A013B3D491343F0
:1030F000C1F88C307B681B6803F48063002B29D0F7
:103100007B681B6DB3F1005F24D1364BD3F884305C
:103110001B0C03F0030301335B00BB61314BD3F89D
:1031200084301B0F03F007037B617B685A687B6860
:103130009B689B011A437B68DB685B08013B1B04AF
:103140001A43BB691B061A437B691B0725491343B6
:10315000C1F884307B681B6803F40063002B16D031
:103160007B685A687B689B689B011A437B68DB68B5
:103170005B08013B1B041A437B681B691B061A434F
:103180007B685B691B0717491343C1F88430164BF2
:1031900001221A60FDF76AFE786208E0FDF766FE1C
:1031A00002467B6AD31A022B01D903239FE00D4B01
:1031B0001B6803F00063002BF0D0BB6A012B40F0CA
:1031C00095800A4B00221A60FDF750FE78620FE0EE
:1031D000FDF74CFE02467B6AD31A022B08D9032363
:1031E00085E000BF00380240680047427000474257
:1031F000414B1B6803F00053B3F1005FE8D07B68DC
:103200001B6803F00403002B03D07B681B6B002BAF
:1032100009D07B681B6803F00803002B2BD07B6868
:103220005B6B002B27D1344BD3F888301B0C03F099
:10323000030301335B003B617B689A697B68DB6950
:103240009B011A433B695B08013B1B041A437B68E3
:103250005B6A1B0628491343C1F88830264BD3F814
:103260008C3023F4F8527B68DB6A013B1B02224955
:103270001343C1F88C307B681B6803F48073002B08
:103280001DD07B685B6DB3F1006F18D11A4BD3F87A
:1032900088301B0E03F00F03FB607B689A697B6824
:1032A000DB699B011A437B681B6A5B08013B1B04BB
:1032B0001A43FB681B0610491343C1F888300F4BB3
:1032C00001221A60FDF7D2FD786208E0FDF7CEFD1D
:1032D00002467B6AD31A022B01D9032307E0064B6F
:1032E0001B6803F00053B3F1005FEFD100231846D1
:1032F0003037BD4680BD00BF0038024070004742F5
:103300002DE9B04FAEB000AF0023C7F8AC300023BA
:10331000C7F8B4300023C7F8A8300023C7F8A4309A
:103320000023C7F8B030CB4B9B6803F00C030C2B89
:1033300000F2068201A252F823F000BF71330008A8
:103340004137000841370008413700087933000849
:103350004137000841370008413700088133000831
:10336000413700084137000841370008713500082F
:10337000B94BC7F8B030E7E1B84BC7F8B030E3E17C
:10338000B44B5B6803F03F03C7F8AC30B14B5B68EC
:1033900003F48003002B71D0AE4B5B689B090022C5
:1033A000C7F89830C7F89C20D7F89830C3F30803C3
:1033B000C7F890300023C7F89430D7E92445224657
:1033C0002B464FF000004FF00001590141EAD26155
:1033D000500102460B462146511A3964294663EBD7
:1033E00001037B644FF000024FF00003D7E910891E
:1033F00049468B01414643EA916341468A01414671
:10340000511AB963494663EB0103FB634FF00002B5
:103410004FF00003D7E90E894946CB00414643EA05
:1034200051734146CA0010461946034622469B186E
:103430003B632B460A4642EB03037B634FF00002DB
:103440004FF00003D7E90C4529464B02214643EAD9
:10345000D15321464A0210461946D7F8AC30002213
:10346000C7F88830C7F88C20D7E92223FCF738FF4B
:1034700002460B461346C7F8B43067E0754B5B68ED
:103480009B090022C7F88030C7F88420D7F8803025
:10349000C3F30803BB670023FB67D7E91E45224639
:1034A0002B464FF000004FF00001590141EAD26174
:1034B000500102460B462146511AB962294663EB78
:1034C0000103FB624FF000024FF00003D7E90A89C5
:1034D00049468B01414643EA916341468A01414690
:1034E000B2EB010A494663EB010B4FF000024FF0CB
:1034F00000034FEACB0343EA5A734FEACA029246EB
:103500009B4623461AEB03033B622B464BEB03031C
:103510007B624FF000024FF00003D7E908452946CF
:103520008B02214643EA915321468A0210461946EE
:10353000D7F8AC3000223B677A67D7E91C23FCF749
:10354000CFFE02460B461346C7F8B430414B5B68CA
:103550001B0C03F0030301335B00C7F8A830D7F856
:10356000B420D7F8A830B2FBF3F3C7F8B030EBE0E3
:10357000384B5B6803F03F03C7F8AC30354B5B68F2
:1035800003F48003002B6BD0324B5B689B09002255
:10359000BB66FA66BB6EC3F308033B6600237B661B
:1035A000D7E9184522462B464FF000004FF00001A6
:1035B000590141EAD261500102460B462146511A97
:1035C000B961294663EB0103FB614FF000024FF044
:1035D0000003D7E906AB59468B01514643EA916394
:1035E00051468A015146B2EB0108594663EB010985
:1035F0004FF000024FF000034FEAC90343EA58734B
:103600004FEAC80290469946234618EB03033B61F4
:103610002B4649EB03037B614FF000024FF00003A0
:10362000D7E9044529464B02214643EAD1532146B6
:103630004A0210461946D7F8AC300022BB65FA653D
:10364000D7E91623FCF74CFE02460B461346C7F893
:10365000B43065E0003802400024F40000127A0023
:103660003D4B5B689B09002218461146C0F30803D6
:103670003B6500237B65D7E9148942464B464FF0F2
:1036800000004FF00001590141EAD26150010246A9
:103690000B464146511AB960494663EB0103FB6092
:1036A0004FF000024FF00003D7E902AB59468B01FF
:1036B000514643EA916351468A015146541A59468C
:1036C00063EB01054FF000024FF00003EB0043EA0B
:1036D0005473E20014461D464346E3183B604B46D4
:1036E00045EB03037B604FF000024FF00003D7E986
:1036F000004529468B02214643EA915321468A021E
:1037000010461946D7F8AC300022BB64FA64D7E9FA
:103710001223FCF7E5FD02460B461346C7F8B4300A
:103720000D4B5B681B0F03F00703C7F8A430D7F8F5
:10373000B420D7F8A430B2FBF3F3C7F8B03003E0FD
:10374000064BC7F8B03000BFD7F8B0301846B837CE
:10375000BD46BDE8B08F00BF003802400024F40031
:1037600080B586B000AF78607B68002B01D1012363
:103770008DE27B681B6803F00103002B00F083805F
:10378000944B9B6803F00C03042B19D0914B9B685E
:1037900003F00C03082B06D18E4B5B6803F4800307
:1037A000B3F5800F0CD08B4B9B6803F00C030C2BF4
:1037B00012D1884B5B6803F48003B3F5800F0BD103
:1037C000844B1B6803F40033002B5BD07B685B6881
:1037D000002B57D101235AE27B685B68B3F5803F29
:1037E00006D17C4B1B687B4A43F4803313601DE099
:1037F0007B685B68B3F5A02F0CD1764B1B68754ACC
:1038000043F480231360734B1B68724A43F4803384
:1038100013600BE06F4B1B686E4A23F48033136018
:103820006C4B1B686B4A23F4802313607B685B68D6
:10383000002B13D0FDF71AFB386108E0FDF716FBEB
:1038400002463B69D31A642B01D903231FE2614B63
:103850001B6803F40033002BF0D014E0FDF706FBE7
:10386000386108E0FDF702FB02463B69D31A642B7E
:1038700001D903230BE2574B1B6803F40033002BE1
:10388000F0D100E000BF7B681B6803F00203002B4F
:103890006FD0504B9B6803F00C03002B17D04D4B9F
:1038A0009B6803F00C03082B05D14A4B5B6803F4BB
:1038B0008003002B0BD0474B9B6803F00C030C2BB1
:1038C0001CD1444B5B6803F48003002B16D1414BA1
:1038D0001B6803F00203002B05D07B68DB68012B1B
:1038E00001D00123D3E13B4B1B6823F0F8027B6836
:1038F0001B69DB00374913430B603AE07B68DB68E8
:10390000002B20D0344B01221A60FDF7AFFA38614A
:1039100008E0FDF7ABFA02463B69D31A022B01D946
:103920000323B4E12B4B1B6803F00203002BF0D000
:10393000284B1B6823F0F8027B681B69DB002549D4
:1039400013430B6015E0244B00221A60FDF78EFA3A
:10395000386108E0FDF78AFA02463B69D31A022B68
:1039600001D9032393E11B4B1B6803F00203002BD7
:10397000F0D17B681B6803F00803002B36D07B680E
:103980005B69002B16D0154B01221A60FDF76EFA09
:10399000386108E0FDF76AFA02463B69D31A022B48
:1039A00001D9032373E10B4B5B6F03F00203002B80
:1039B000F0D01BE0094B00221A60FDF757FA38617E
:1039C0000EE0FDF753FA02463B69D31A022B07D9E2
:1039D00003235CE10038024000004742800E47426A
:1039E0008A4B5B6F03F00203002BEAD17B681B68F4
:1039F00003F00403002B00F097800023FB75834B3A
:103A00001B6C03F08053002B0FD10023BB607F4B56
:103A10001B6C7E4A43F0805313647C4B1B6C03F099
:103A20008053BB60BB680123FB75794B1B6803F4B3
:103A30008073002B18D1764B1B68754A43F4807352
:103A40001360FDF713FA386108E0FDF70FFA02463C
:103A50003B69D31A022B01D9032318E16C4B1B6875
:103A600003F48073002BF0D07B689B68012B06D198
:103A7000664B1B6F654A43F0010313671CE07B68CC
:103A80009B68052B0CD1614B1B6F604A43F004030C
:103A900013675E4B1B6F5D4A43F0010313670BE036
:103AA0005A4B1B6F594A23F001031367574B1B6F87
:103AB000564A23F0040313677B689B68002B15D0DC
:103AC000FDF7D4F938610AE0FDF7D0F902463B6909
:103AD000D31A41F28832934201D90323D7E04B4BEA
:103AE0001B6F03F00203002BEED014E0FDF7BEF9CC
:103AF00038610AE0FDF7BAF902463B69D31A41F290
:103B00008832934201D90323C1E0404B1B6F03F07D
:103B10000203002BEED1FB7D012B05D13B4B1B6C2F
:103B20003A4A23F0805313647B689B69002B00F0B2
:103B3000AD80364B9B6803F00C03082B60D07B688C
:103B40009B69022B45D1334B00221A60FDF78EF999
:103B5000386108E0FDF78AF902463B69D31A022B67
:103B600001D9032393E0294B1B6803F00073002B5A
:103B7000F0D17B68DA697B681B6A1A437B685B6AF1
:103B80009B011A437B689B6A5B08013B1B041A4339
:103B90007B68DB6A1B061A437B681B6B1B071B4990
:103BA00013434B601B4B01221A60FDF75FF938612C
:103BB00008E0FDF75BF902463B69D31A022B01D9F5
:103BC000032364E0114B1B6803F00073002BF0D05B
:103BD0005CE0104B00221A60FDF748F9386108E0FC
:103BE000FDF744F902463B69D31A022B01D903239E
:103BF0004DE0064B1B6803F00073002BF0D145E04D
:103C00007B689B69012B07D1012340E0003802400B
:103C100000700040600047421F4B5B68FB607B68A0
:103C20009B69012B30D0FB6803F480027B68DB6961
:103C30009A4229D1FB6803F03F027B681B6A9A42D3
:103C400022D1FA6847F6C07313407A68526A92012B
:103C5000934219D1FB6803F440327B689B6A5B088E
:103C6000013B1B049A420FD1FB6803F070627B6832
:103C7000DB6A1B069A4207D1FB6803F0E0427B68CF
:103C80001B6B1B079A4201D0012300E0002318465A
:103C90001837BD4680BD00BF0038024080B582B0F5
:103CA00000AF78607B68002B01D1012342E07B6884
:103CB00093F84130DBB2002B06D17B68002283F8F9
:103CC00040207868FCF766FF7B68242283F8412057
:103CD0007B681B68DA687B681B6822F40052DA6034
:103CE000786800F099FC7B681B681A697B681B6820
:103CF00022F490421A617B681B685A697B681B68D2
:103D000022F02A025A617B681B68DA687B681B68AC
:103D100042F40052DA607B6800225A647B682022F9
:103D200083F841207B68202283F842207B680022B0
:103D30005A63002318460837BD4680BD80B5BAB027
:103D400000AF78607B681B681B68C7F8E4307B684D
:103D50001B68DB68C7F8E0307B681B685B69C7F8E5
:103D6000DC300023C7F8D8300023C7F8D430D7F8A8
:103D7000E43003F00F03C7F8D830D7F8D830002B61
:103D80000FD1D7F8E43003F02003002B09D0D7F887
:103D9000E03003F02003002B03D0786800F07EFBB6
:103DA00073E2D7F8D830002B00F0DE80D7F8DC3093
:103DB00003F00103002B06D1D7F8E03003F4907331
:103DC000002B00F0D180D7F8E43003F00103002B82
:103DD0000BD0D7F8E03003F48073002B05D07B685C
:103DE0005B6C43F001027B685A64D7F8E43003F05F
:103DF0000403002B0BD0D7F8DC3003F00103002BB9
:103E000005D07B685B6C43F002027B685A64D7F88C
:103E1000E43003F00203002B0BD0D7F8DC3003F0C2
:103E20000103002B05D07B685B6C43F004027B68C8
:103E30005A64D7F8E43003F00803002B11D0D7F808
:103E4000E03003F02003002B05D1D7F8DC3003F07D
:103E50000103002B05D07B685B6C43F008027B6894
:103E60005A647B685B6C002B00F00A82D7F8E43060
:103E700003F02003002B08D0D7F8E03003F0200334
:103E8000002B02D0786800F009FB7B681B685B6937
:103E900003F04003402B0CBF01230023DBB2C7F823
:103EA000D4307B685B6C03F00803002B03D1D7F898
:103EB000D430002B4FD0786800F014FA7B681B6870
:103EC0005B6903F04003402B41D17B681B681433CE
:103ED000C7F89C30D7F89C3053E8003FC7F89830BB
:103EE000D7F8983023F04003C7F8D0307B681B68C0
:103EF0001433D7F8D020C7F8A820C7F8A430D7F8D3
:103F0000A410D7F8A82041E80023C7F8A030D7F8BC
:103F1000A030002BD9D17B68DB6B002B13D07B68E2
:103F2000DB6B8A4A1A657B68DB6B1846FDF74FF935
:103F30000346002B16D07B68DB6B1B6D7A68D26B57
:103F4000104698470EE0786800F0B6F90AE0786805
:103F500000F0B2F906E0786800F0AEF97B68002264
:103F60005A648DE100BF8BE17B681B6B012B40F035
:103F70006781D7F8E43003F01003002B00F0608174
:103F8000D7F8E03003F01003002B00F05981002334
:103F9000BB607B681B681B68BB607B681B685B68D9
:103FA000BB60BB687B681B685B6903F04003402B08
:103FB00040F0CE807B68DB6B1B685B68A7F8BE3087
:103FC000B7F8BE30002B00F0A9807B689B8DB7F856
:103FD000BE209A4280F0A2807B68B7F8BE20DA85C6
:103FE0007B68DB6BDB69B3F5807F00F088807B68E2
:103FF0001B680C33C7F88830D7F8883053E8003F87
:10400000C7F88430D7F8843023F48073C7F8B83009
:104010007B681B680C33D7F8B820C7F89420C7F822
:104020009030D7F89010D7F8942041E80023C7F8D3
:104030008C30D7F88C30002BD9D17B681B681433B7
:104040007B677B6F53E8003F3B673B6F23F00103C7
:10405000C7F8B4307B681B681433D7F8B420C7F8AE
:104060008020FB67F96FD7F8802041E80023BB6709
:10407000BB6F002BE1D17B681B6814333B663B6E42
:1040800053E8003FFB65FB6D23F04003C7F8B030F9
:104090007B681B681433D7F8B020FA66BB66B96E2C
:1040A000FA6E41E800237B667B6E002BE3D17B68D0
:1040B000202283F842207B6800221A637B681B68F9
:1040C0000C33FB64FB6C53E8003FBB64BB6C23F018
:1040D0001003C7F8AC307B681B680C33D7F8AC20F2
:1040E000BA657B65796DBA6D41E800233B653B6D30
:1040F000002BE3D17B68DB6B1846FCF7F8FF7B688D
:1041000002225A637B689A8D7B68DB8D9BB2D31A3F
:104110009BB21946786800F0D9F8B3E07B689B8DB4
:10412000B7F8BE209A4240F0AD807B68DB6BDB695C
:10413000B3F5807F40F0A6807B6802225A637B68DB
:104140009B8D1946786800F0C1F89BE0AB430008EE
:104150007B689A8D7B68DB8D9BB2D31AA7F8CE3033
:104160007B68DB8D9BB2002B00F08E80B7F8CE30E1
:10417000002B00F089807B681B680C33BB63BB6B32
:1041800053E8003F7B637B6B23F49073C7F8C83020
:104190007B681B680C33D7F8C8207A643B64396CA1
:1041A0007A6C41E80023FB63FB6B002BE3D17B6857
:1041B0001B6814337B627B6A53E8003F3B623B6AB7
:1041C00023F00103C7F8C4307B681B681433D7F8A9
:1041D000C4203A63FB62F96A3A6B41E80023BB6290
:1041E000BB6A002BE3D17B68202283F842207B68E6
:1041F00000221A637B681B680C333B613B6953E800
:10420000003FFB60FB6823F01003C7F8C0307B68F9
:104210001B680C33D7F8C020FA61BB61B969FA6931
:1042200041E800237B617B69002BE3D17B6802229C
:104230005A63B7F8CE301946786800F047F823E0A3
:10424000D7F8E43003F08003002B09D0D7F8E03032
:1042500003F08003002B03D0786800F0B7F814E077
:10426000D7F8E43003F04003002B0ED0D7F8E0304D
:1042700003F04003002B08D0786800F0F7F804E062
:1042800000BF02E000BF00E000BFE837BD4680BDD0
:1042900080B483B000AF786000BF0C37BD465DF8D6
:1042A000047B704780B483B000AF786000BF0C37E8
:1042B000BD465DF8047B704780B483B000AF786082
:1042C00000BF0C37BD465DF8047B704780B483B0F7
:1042D00000AF78600B467B8000BF0C37BD465DF8B1
:1042E000047B704780B495B000AF78607B681B6832
:1042F0000C337B637B6B53E8003F3B633B6B23F4E6
:104300009073FB647B681B680C33FA6C3A64FB6344
:10431000F96B3A6C41E80023BB63BB6B002BE5D122
:104320007B681B6814333B623B6A53E8003FFB61C8
:10433000FB6923F00103BB647B681B681433BA6C10
:10434000FA62BB62B96AFA6A41E800237B627B6A5F
:10435000002BE5D17B681B6B012B19D17B681B6897
:104360000C33FB60FB6853E8003FBB60BB6823F085
:1043700010037B647B681B680C337A6CBA617B61C9
:104380007969BA6941E800233B613B69002BE5D1BB
:104390007B68202283F842207B6800221A6300BFDA
:1043A0005437BD465DF8047B704780B584B000AFDC
:1043B00078607B689B6BFB60FB680022DA85F8689D
:1043C000FFF77AFF00BF1037BD4680BD80B485B0CF
:1043D00000AF78607B6893F84130DBB2212B3ED18F
:1043E0007B689B68B3F5805F14D17B681B69002BE9
:1043F00010D17B681B6AFB60FB681B881A467B68D0
:104400001B68C2F308025A607B681B6A9A1C7B68AF
:104410001A6208E07B681B6A591C7A6811621A7874
:104420007B681B685A607B68DB8C9BB2013B9BB24C
:104430007A681946D184002B0FD17B681B68DA6833
:104440007B681B6822F08002DA607B681B68DA6890
:104450007B681B6842F04002DA60002300E0022320
:1044600018461437BD465DF8047B704780B582B0AE
:1044700000AF78607B681B68DA687B681B6822F095
:104480004002DA607B68202283F841207868FFF7D9
:10449000FFFE002318460837BD4680BD80B58CB0AE
:1044A00000AF78600023FB620023BB627B6893F857
:1044B0004230DBB2222B40F0AA807B689B68B3F5C8
:1044C000805F15D17B681B69002B11D17B689B6ACB
:1044D000BB627B681B685B689BB2C3F308039AB23C
:1044E000BB6A1A807B689B6A9A1C7B689A6224E08C
:1044F0007B689B6AFB627B689B68B3F5805F07D033
:104500007B689B68002B0AD17B681B69002B06D156
:104510007B681B685B68DAB2FB6A1A7008E07B682C
:104520001B685B68DBB203F07F03DAB2FB6A1A70C8
:104530007B689B6A5A1C7B689A627B68DB8D9BB2A6
:10454000013B9BB27A681946D185002B5DD17B680F
:104550001B68DA687B681B6822F02002DA607B68DF
:104560001B68DA687B681B6822F48072DA607B68FB
:104570001B685A697B681B6822F001025A617B68DC
:10458000202283F842207B6800225A637B681B6BE1
:10459000012B35D17B6800221A637B681B680C33C2
:1045A0007B617B6953E8003F3B613B6923F010036B
:1045B0007B627B681B680C337A6A3A62FB61F9693B
:1045C0003A6A41E80023BB61BB69002BE5D17B68F7
:1045D0001B681B6803F01003102B0AD10023FB603B
:1045E0007B681B681B68FB607B681B685B68FB6003
:1045F000FB687B689B8D19467868FFF767FE02E0D1
:104600007868FFF74FFE002302E0002300E002235A
:1046100018463037BD4680BD2DE9B04FC0B000AF61
:10462000C7F8F400D7F8F4301B681B6923F4405036
:10463000D7F8F430D968D7F8F4301A6840EA0103A3
:104640001361D7F8F4309A68D7F8F4301B691A432D
:10465000D7F8F4305B691A43D7F8F430DB691343B9
:10466000C7F8F830D7F8F4301B68DB6823F416413C
:1046700021F00C01D7F8F4301A68D7F8F8300B4362
:10468000D360D7F8F4301B685B6923F44070D7F827
:10469000F4309969D7F8F4301A6840EA010353619D
:1046A000D7F8F4301A688F4B9A4205D0D7F8F43017
:1046B0001A688D4B9A4204D1FEF7E4FAC7F8FC0061
:1046C00003E0FEF7CBFAC7F8FC00D7F8F430DB695B
:1046D000B3F5004F40F00C81D7F8FC300022C7F84A
:1046E000E830C7F8EC20D7E93A4522462B46911826
:1046F000B9655B41FB65D7E91623214612EB01083A
:10470000294643EB01094FF000024FF000034FEA46
:10471000C90343EA58734FEAC802904699462346B4
:1047200018EB0303C7F8E0302B4649EB0303C7F847
:10473000E430D7F8F4305B680022C7F8D830C7F807
:10474000DC20D7E936120B46DB183B65134642EBFB
:1047500003037B65D7E91423D7E93801FBF7C0FDD4
:1047600002460B46614BA3FB02235B091C01D7F8F1
:10477000FC300022C7F8D030C7F8D420D7E93489FC
:1047800042464B469118B9645B41FB64D7E912235A
:10479000414612EB010A494643EB010B4FF0000280
:1047A0004FF000034FEACB0343EA5A734FEACA02C1
:1047B00092469B4643461AEB0303C7F8C8304B4664
:1047C0004BEB0303C7F8CC30D7F8F4305B6800221A
:1047D000C7F8C030C7F8C420D7E930120B46DB1841
:1047E0003B64134642EB03037B64D7E91023D7E90C
:1047F0003201FBF775FD02460B4611463B4BA3FB0E
:1048000001235B09642202FB03F3CB1ADB0003F1F3
:104810003202364BA3FB02235B095B0003F4F873FF
:104820001C44D7F8FC300022C7F8B830C7F8BC20C9
:10483000D7E92E8942464B469118B9635B41FB6329
:10484000D7E90E2341465118396349464B417B63F2
:104850004FF000024FF00003D7E90CAB5946CB00F4
:10486000514643EA51735146CA0010461946034661
:1048700042469B18C7F8B0304B460A4642EB03034A
:10488000C7F8B430D7F8F4305B680022C7F8A83016
:10489000C7F8AC20D7E92A120B46DB18BB621346D7
:1048A00042EB0303FB62D7E90A23D7E92C01FBF7AC
:1048B00017FD02460B460D4BA3FB02135B09642157
:1048C00001FB03F3D31ADB003233084AA2FB0323B4
:1048D0005B0903F00702D7F8F4301B6822449A60A2
:1048E00006E100BF00100140001401401F85EB519C
:1048F000D7F8FC300022C7F8A030C7F8A420D7E9C9
:10490000288942464B46911839625B417B62D7E960
:10491000082341465418494643EB01054FF0000275
:104920004FF00003EB0043EA5473E20014461D46C7
:104930004346E318C7F898304B4645EB0303C7F8E6
:104940009C30D7F8F4305B680022C7F89030C7F885
:1049500094204FF000024FF00003D7E92445294688
:104960008B00214643EA917321468A00D7E926014C
:10497000FBF7B6FC02460B46604BA3FB02235B0928
:104980001C01D7F8FC300022C7F88830C7F88C200B
:10499000D7E9228942464B469118B9615B41FB61D8
:1049A000D7E9062341465118396149464B417B619D
:1049B0004FF000024FF00003D7E904AB5946CB009B
:1049C000514643EA51735146CA0010461946034600
:1049D00042469B18C7F880304B460A4642EB030319
:1049E000C7F88430D7F8F4305B680022BB67FA67F9
:1049F0004FF000024FF00003D7E91E8949468B00B3
:104A0000414643EA917341468A00D7E92001FBF70A
:104A100067FC02460B461146384BA3FB01235B099A
:104A2000642202FB03F3CB1A1B013233334AA2FB8D
:104A300003235B0903F0F0031C44D7F8FC30002289
:104A40003B677A67D7E91C8942464B469118B960A3
:104A50005B41FB60D7E90223414651183960494662
:104A60004B417B604FF000024FF00003D7E900ABF1
:104A70005946CB00514643EA51735146CA0010468D
:104A80001946034642469B18BB664B460A4642EB14
:104A90000303FB66D7F8F4305B6800223B667A6656
:104AA0004FF000024FF00003D7E9188949468B0008
:104AB000414643EA917341468A00D7E91A01FBF760
:104AC0000FFC02460B460D4BA3FB02135B0964214E
:104AD00001FB03F3D31A1B013233084AA2FB032361
:104AE0005B0903F00F02D7F8F4301B6822449A6088
:104AF00000BF07F58077BD46BDE8B08F1F85EB513D
:104B000084B080B584B000AF786007F11C0080E805
:104B10000E0097F82130012B23D17B689B6B23F487
:104B200080327B689A637B68DB6823F4840323F01C
:104B300040037A68D3607B68DB6823F440127B68AB
:104B4000DA6097F82830012B05D17B68DB6843F4E5
:104B500080127B68DA60786801F0E2FA0346FB7342
:104B60001BE07B68DB6843F040027B68DA607868B2
:104B700001F0D6FA0346FB7397F82530002B06D1D7
:104B80007B689B6B43F480327B689A6305E07B68AB
:104B90009B6B23F480327B689A63BB7F012B0BD124
:104BA0007B689B6843F006027B689A607B689B6821
:104BB00043F020027B689A60FB7B18461037BD46A5
:104BC000BDE8804004B0704780B487B000AFF860A3
:104BD000B9601346FB71FB79022B65D1BB68414A72
:104BE000934206D9BB68404A934202D20F237B61AD
:104BF00062E0BB683C4A934206D3BB683B4A93429F
:104C000002D20E237B6157E0BB68384A934206D339
:104C1000BB68374A934202D20D237B614CE0BB68EC
:104C2000334A934206D3BB68324A934202D80C23DC
:104C30007B6141E0BB682F4A934206D9BB682E4A8C
:104C4000934202D80B237B6136E0BB682A4A934229
:104C500006D9BB68294A934202D80A237B612BE01C
:104C6000BB68264A934206D9BB68254A934202D2C2
:104C700009237B6120E0BB68214A934206D3BB68CD
:104C8000204A934202D808237B6115E0BB681D4A85
:104C9000934206D9BB681C4A934202D207237B6128
:104CA0000AE006237B6107E0FB79002B02D1092390
:104CB0007B6101E009237B61FB68DB6823F47052B0
:104CC000FB68DA60FB68DA687B699B0203F4705367
:104CD0001A43FB68DA60002318461C37BD465DF8AE
:104CE000047B7047BFACD800C0E1E4000024F400AE
:104CF000807306019F491A01FF2C31013FA44C012A
:104D000000366E011FABA6010048E80180B483B0F5
:104D100000AF78607B689B6843F001027B689A6013
:104D2000002318460C37BD465DF8047B704780B4FD
:104D300083B000AF78607B689B6823F001027B68DA
:104D40009A60002318460C37BD465DF8047B704717
:104D500080B584B000AF78600B46FB700023FB6029
:104D60007B68DB6823F0C0427B68DA60FB78012B4C
:104D700015D17B68DB6843F000527B68DA600A205B
:104D8000FCF780F8FB680A33FB60786801F039F9BA
:104D90000346012B1ED0FB68C72BF0D91AE0FB7825
:104DA000002B15D17B68DB6843F080427B68DA60BA
:104DB0000A20FCF767F8FB680A33FB60786801F0AB
:104DC00020F90346002B05D0FB68C72BF0D901E082
:104DD000012305E0FB68C82B01D1012300E000237B
:104DE00018461037BD4680BD84B080B586B000AF90
:104DF000786007F1240080E80E000023FB757B68D3
:104E0000FB6000233B6109E07A683B6940339B000B
:104E1000134400225A603B6901333B613B690E2B0E
:104E2000F2D997F82E30002B1CD1FB6803F50063F4
:104E30005B68FA6802F5006243F0020353607B6826
:104E40009B6B23F400127B689A637B681B6843F0BA
:104E500040027B681A607B681B6843F080027B68B5
:104E60001A6005E07B689B6B43F400127B689A63D1
:104E7000FB6803F560631A460023136097F8293036
:104E8000012B0DD197F82730002B04D10021786831
:104E900000F068F908E00121786800F063F903E0A8
:104EA0000321786800F05EF91021786800F0FAF8C4
:104EB0000346002B01D00123FB75786800F024F92C
:104EC0000346002B01D00123FB75FB6803F500634B
:104ED0001A4600231361FB6803F500631A4600239A
:104EE0005361FB6803F500631A460023D361002376
:104EF0003B6143E03B695A01FB68134403F51063CF
:104F00001B6803F00043B3F1004F18D13B69002B3D
:104F10000AD13B695A01FB68134403F510631A4632
:104F20004FF00063136013E03B695A01FB681344C0
:104F300003F510631A464FF09043136008E03B6995
:104F40005A01FB68134403F510631A4600231360EB
:104F50003B695A01FB68134403F510631A460023AA
:104F600013613B695A01FB68134403F510631A4649
:104F70004FF67F3393603B6901333B6197F82430F0
:104F80001A463B699342B5D300233B6143E03B693A
:104F90005A01FB68134403F530631B6803F00043B8
:104FA000B3F1004F18D13B69002B0AD13B695A017C
:104FB000FB68134403F530631A464FF00063136037
:104FC00013E03B695A01FB68134403F530631A464A
:104FD0004FF09043136008E03B695A01FB681344AB
:104FE00003F530631A46002313603B695A01FB68DE
:104FF000134403F530631A46002313613B695A01D9
:10500000FB68134403F530631A464FF67F33936011
:105010003B6901333B6197F824301A463B69934260
:10502000B5D3FB6803F500631B69FA6802F50062FB
:1050300023F4807313617B6800229A617B686FF0B0
:1050400080425A6197F82630002B05D17B689B6916
:1050500043F010027B689A617B689A69104B134396
:105060007A68936197F82A30002B05D07B689B699A
:1050700043F008027B689A6197F82E30012B07D124
:105080007B689B6943F0804343F004037A68936133
:10509000FB7D18461837BD46BDE8804004B0704718
:1050A00000383C8080B485B000AF78603960002360
:1050B000FB60FB680133FB60FB68B3F1706F01D9E3
:1050C00003231BE07B681B69002BF2DA0023FB60E3
:1050D0003B689B0143F020027B681A61FB68013347
:1050E000FB60FB68B3F1706F01D9032306E07B68B6
:1050F0001B6903F02003202BF0D00023184614373F
:10510000BD465DF8047B704780B485B000AF786021
:105110000023FB60FB680133FB60FB68B3F1706F39
:1051200001D9032318E07B681B69002BF2DA002306
:10513000FB607B6810221A61FB680133FB60FB682F
:10514000B3F1706F01D9032306E07B681B6903F09C
:105150001003102BF0D0002318461437BD465DF81D
:10516000047B704780B485B000AF78600B46FB705D
:105170007B68FB60FB6803F500631A68FB78F968DD
:1051800001F5006113430B60002318461437BD4638
:105190005DF8047B704780B487B000AF78607B68AF
:1051A0003B613B6903F500639B6803F00603FB600A
:1051B000FB68002B02D10023FB750AE0FB68022B81
:1051C00002D0FB68062B02D10223FB7501E00F23FE
:1051D000FB75FB7D18461C37BD465DF8047B7047A8
:1051E00080B485B000AF786039607B68FB603B6855
:1051F0001B78BB603B685B78012B3AD1FB6803F5F9
:105200000063DA693B681B7803F00F03012101FAA0
:1052100003F39BB2F96801F500611343CB61BB68EE
:105220005A01FB68134403F510631B6803F4004341
:10523000002B55D1BB685A01FB68134403F510637A
:105240001A683B689B68C3F30A013B681B799B049F
:105250001943BB689B050B431343BA685101FA68B5
:105260000A4402F5106243F0805343F40043136094
:1052700036E0FB6803F50063DA693B681B7803F0EE
:105280000F03012101FA03F31B04F96801F5006122
:105290001343CB61BB685A01FB68134403F53063C9
:1052A0001B6803F40043002B1AD1BB685A01FB684A
:1052B000134403F530631A683B689B68C3F30A0123
:1052C0003B681B799B040B431343BA685101FA688E
:1052D0000A4402F5306243F0805343F40043136004
:1052E000002318461437BD465DF8047B7047000064
:1052F00080B485B000AF786039607B68FB603B6844
:105300001B78BB603B685B78012B61D1BB685A019D
:10531000FB68134403F510631B6803F00043B3F10B
:10532000004F1FD1BB685A01FB68134403F510639B
:105330001B68BA685101FA680A4402F5106243F02A
:1053400000631360BB685A01FB68134403F51063E4
:105350001B68BA685101FA680A4402F5106243F00A
:1053600080431360FB6803F50063DA6B3B681B78CE
:1053700003F00F03012101FA03F39BB2DB43F96849
:1053800001F500611340CB63FB6803F50063DA6944
:105390003B681B7803F00F03012101FA03F39BB272
:1053A000DB43F96801F500611340CB61BB685A012A
:1053B000FB68134403F510631A68BB685901FB6866
:1053C0000B4403F510631946354B13400B6060E046
:1053D000BB685A01FB68134403F530631B6803F094
:1053E0000043B3F1004F1FD1BB685A01FB6813445F
:1053F00003F530631B68BA685101FA680A4402F584
:10540000306243F000631360BB685A01FB681344C9
:1054100003F530631B68BA685101FA680A4402F563
:10542000306243F080431360FB6803F50063DA6B7E
:105430003B681B7803F00F03012101FA03F31B04FF
:10544000DB43F96801F500611340CB63FB6803F5AA
:105450000063DA693B681B7803F00F03012101FA4E
:1054600003F31B04DB43F96801F500611340CB61D2
:10547000BB685A01FB68134403F530631A68BB68C4
:105480005901FB680B4403F530631946054B134083
:105490000B60002318461437BD465DF8047B704747
:1054A000007833EC0078F3EF80B58AB002AFF86093
:1054B000B9601346FB71FB68FB61BB681B78BB617D
:1054C000BB685B78012B40F07F81BB681B69002BB8
:1054D00032D1BB695A01FB69134403F510631B69A0
:1054E000BA695101FA690A4402F5106223F0FF53C8
:1054F00023F4C0131361BB695A01FB69134403F51C
:1055000010631B69BA695101FA690A4402F5106215
:1055100043F400231361BB695A01FB69134403F58B
:1055200010631B69BA695101FA690A4402F51062F5
:10553000DB0CDB04136197E0BB695A01FB69134480
:1055400003F510631B69BA695101FA690A4402F54F
:105550001062DB0CDB041361BB695A01FB69134465
:1055600003F510631B69BA695101FA690A4402F52F
:10557000106223F0FF5323F4C0131361BB69002BA7
:105580001AD1BB681A69BB689B689A4203D9BB6889
:105590009A68BB681A61BB695A01FB69134403F539
:1055A00010631B69BA695101FA690A4402F5106275
:1055B00043F40023136144E0BB681A69BB689B682D
:1055C00013445A1EBB689B68B2FBF3F3FB82BB69B2
:1055D0005A01FB69134403F510631A69FB8AD90465
:1055E000A44B0B40B9694801F969014401F5106108
:1055F00013430B61BB681B79012B22D1BB695A0194
:10560000FB69134403F510631B69BA695101FA6918
:105610000A4402F5106223F0C0431361BB695A01CA
:10562000FB69134403F510631A69FB8A5B0703F0F7
:10563000C043B9694801F969014401F51061134398
:105640000B61BB695A01FB69134403F510631A69C6
:10565000BB681B69C3F31203B9694801F9690144C6
:1056600001F5106113430B61FB79012B4BD1BB6832
:10567000DB69002B09D0BB695A01FB69134403F5B0
:1056800010631A46BB68DB695361BB681B79012B49
:1056900028D1FB6903F500639B6803F48073002B3A
:1056A00010D1BB695A01FB69134403F510631B68F1
:1056B000BA695101FA690A4402F5106243F00053D5
:1056C00013600FE0BB695A01FB69134403F51063D3
:1056D0001B68BA695101FA690A4402F5106243F085
:1056E00080531360BB695A01FB69134403F51063CF
:1056F0001B68BA695101FA690A4402F5106243F065
:105700000443136066E1BB695A01FB69134403F566
:1057100010631B68BA695101FA690A4402F5106204
:1057200043F004431360BB681B79012B15D0BB68A1
:105730001B69002B00F04E81FB6903F500635A6B77
:10574000BB681B7803F00F03012101FA03F3F96929
:1057500001F5006113434B633CE1FB6903F5006312
:105760009B6803F48073002B10D1BB695A01FB695D
:10577000134403F510631B68BA695101FA690A44BE
:1057800002F5106243F0005313600FE0BB695A0149
:10579000FB69134403F510631B68BA695101FA6988
:1057A0000A4402F5106243F080531360BB68D96865
:1057B000BB681A78BB681B6998B2FB7900930346F3
:1057C000F86800F0B9F905E1BB695A01FB691344B7
:1057D00003F530631B69BA695101FA690A4402F59D
:1057E0003062DB0CDB041361BB695A01FB691344B3
:1057F00003F530631B69BA695101FA690A4402F57D
:10580000306223F0FF5323F4C0131361BB69002BF4
:1058100032D1BB681B69002B03D0BB689A68BB6898
:105820001A61BB689A68BB681A62BB695A01FB6956
:10583000134403F530631A69BB681B6AC3F3120390
:10584000B9694801F969014401F5306113430B61FD
:10585000BB695A01FB69134403F530631B69BA69DC
:105860005101FA690A4402F5306243F400231361DE
:1058700062E000BF0000F81FBB681B69002B23D14A
:10588000BB695A01FB69134403F530631A69BB68AD
:105890009B68C3F31203B9694801F969014401F532
:1058A000306113430B61BB695A01FB69134403F573
:1058B00030631B69BA695101FA690A4402F5306222
:1058C00043F40023136137E0BB681A69BB689B6827
:1058D00013445A1EBB689B68B2FBF3F3FB82BB68A0
:1058E0009B68FA8A03FB02F2BB681A62BB695A0121
:1058F000FB69134403F530631A69FB8AD904384BFA
:105900000B40B9694801F969014401F5306113435D
:105910000B61BB695A01FB69134403F530631A69D3
:10592000BB681B6AC3F31203B9694801F9690144F2
:1059300001F5306113430B61FB79012B0DD1BB687D
:10594000DB68002B09D0BB68D968BB695A01FB69C9
:10595000134403F530630A465A61BB681B79012B77
:1059600028D1FB6903F500639B6803F48073002B67
:1059700010D1BB695A01FB69134403F530631B68FE
:10598000BA695101FA690A4402F5306243F00053E2
:1059900013600FE0BB695A01FB69134403F53063E0
:1059A0001B68BA695101FA690A4402F5306243F092
:1059B00080531360BB695A01FB69134403F53063DC
:1059C0001B68BA695101FA690A4402F5306243F072
:1059D00004431360002318462037BD4680BD00BF36
:1059E0000000F81F80B487B000AF786039600023F2
:1059F000FB600023FB757B683B613B685B78012B98
:105A00004AD13B681B785A013B69134403F5106384
:105A10001B6803F00043B3F1004F40F086803B6801
:105A20001B785A013B69134403F510631B683A68FD
:105A3000127851013A690A4402F5106243F000639A
:105A400013603B681B785A013B69134403F51063EC
:105A50001B683A68127851013A690A4402F51062EB
:105A600043F080431360FB680133FB60FB6842F244
:105A70001072934202D90123FB7556E03B681B78F4
:105A80005A013B69134403F510631B6803F000439C
:105A9000B3F1004FE7D048E03B681B785A013B69FF
:105AA000134403F530631B6803F00043B3F1004F68
:105AB0003BD13B681B785A013B69134403F53063C3
:105AC0001B683A68127851013A690A4402F530625B
:105AD00043F0006313603B681B785A013B69134431
:105AE00003F530631B683A68127851013A690A4439
:105AF00002F5306243F080431360FB680133FB60C2
:105B0000FB6842F21072934202D90123FB750CE04C
:105B10003B681B785A013B69134403F530631B68EB
:105B200003F00043B3F1004FE7D0FB7D18461C376C
:105B3000BD465DF8047B704780B489B000AFF86063
:105B4000B96011461A460B46FB711346BB80FB68D1
:105B50007B61BB68FB6197F82830002B23D1BB88A1
:105B600003339B083B610023BB6118E0FB791A03F8
:105B70007B69134403F580531A46FB691B68136065
:105B8000FB690133FB61FB690133FB61FB69013395
:105B9000FB61FB690133FB61BB690133BB61BA691E
:105BA0003B699A42E2D3002318462437BD465DF88C
:105BB000047B704780B48BB000AFF860B9601346C7
:105BC000FB80FB68BB61BB687B62FB889B089BB268
:105BD0007B61FB8803F00303FB8300233B6214E03B
:105BE000BB6903F580531A687B6A1A607B6A0133CC
:105BF0007B627B6A01337B627B6A01337B627B6AF7
:105C000001337B623B6A01333B623A6A7B699A42A9
:105C1000E6D3FB8B002B1ED000233B62BB6903F550
:105C200080531A4607F1100312681A603A693B6AFA
:105C3000DBB2DB0022FA03F3DAB27B6A1A703B6A4A
:105C400001333B627B6A01337B62FB8B013BFB834D
:105C5000FB8B002BEAD17B6A18462C37BD465DF8DA
:105C6000047B704780B485B000AF786039607B6892
:105C7000FB603B681B78BB603B685B78012B2CD1D9
:105C8000BB685A01FB68134403F510631B68002BC3
:105C900012DBBB68002B0FD0BB685A01FB681344B2
:105CA00003F510631B68BA685101FA680A4402F5EB
:105CB000106223F080431360BB685A01FB681344F1
:105CC00003F510631B68BA685101FA680A4402F5CB
:105CD000106243F4001313602BE0BB685A01FB68A9
:105CE000134403F530631B68002B12DBBB68002BE9
:105CF0000FD0BB685A01FB68134403F530631B687F
:105D0000BA685101FA680A4402F5306223F0804310
:105D10001360BB685A01FB68134403F530631B68CA
:105D2000BA685101FA680A4402F5306243F400137C
:105D30001360002318461437BD465DF8047B704796
:105D400080B485B000AF786039607B68FB603B68E9
:105D50001B78BB603B685B78012B28D1BB685A017C
:105D6000FB68134403F510631B68BA685101FA68B5
:105D70000A4402F5106223F4001313603B681B7998
:105D8000032B03D03B681B79022B38D1BB685A0127
:105D9000FB68134403F510631B68BA685101FA6885
:105DA0000A4402F5106243F08053136027E0BB6899
:105DB0005A01FB68134403F530631B68BA6851014C
:105DC000FA680A4402F5306223F4001313603B685A
:105DD0001B79032B03D03B681B79022B0FD1BB68C7
:105DE0005A01FB68134403F530631B68BA6851011C
:105DF000FA680A4402F5306243F0805313600023CE
:105E000018461437BD465DF8047B704780B485B0F2
:105E100000AF78600B46FB707B68FB60FB6803F5A6
:105E200000631B68FA6802F5006223F4FE631360E6
:105E3000FB6803F500631A68FB781B0103F4FE633B
:105E4000F96801F5006113430B600023184614370D
:105E5000BD465DF8047B704780B485B000AF7860C4
:105E60007B68FB60FB6803F560631B68FA6802F5FA
:105E7000606223F003031360FB6803F500635B6853
:105E8000FA6802F5006223F002035360002318460B
:105E90001437BD465DF8047B704780B485B000AF11
:105EA00078607B68FB60FB6803F560631B68FA68D9
:105EB00002F5606223F003031360FB6803F50063DF
:105EC0005B68FA6802F5006243F002035360002346
:105ED00018461437BD465DF8047B704780B485B022
:105EE00000AF78607B685B69FB607B689B69FA68E0
:105EF0001340FB60FB6818461437BD465DF8047B11
:105F0000704780B485B000AF78607B68FB60FB6849
:105F100003F500639B69BB60FB6803F50063DB6905
:105F2000BA681340BB60BB681B0C18461437BD46EB
:105F30005DF8047B704780B485B000AF78607B6803
:105F4000FB60FB6803F500639B69BB60FB6803F5BE
:105F50000063DB69BA681340BB60BB689BB218463C
:105F60001437BD465DF8047B704780B485B000AF40
:105F700078600B46FB707B68FB60FB785A01FB681E
:105F8000134403F530639B68BB60FB6803F5006353
:105F90005B69BA681340BB60BB6818461437BD46DE
:105FA0005DF8047B704780B487B000AF78600B4623
:105FB000FB707B687B617B6903F500631B693B6158
:105FC0007B6903F500635B6BFB60FB7803F00F03F9
:105FD000FA6822FA03F3DB01DBB23A6913433B614F
:105FE000FB785A017B69134403F510639B683A6997
:105FF0001340BB60BB6818461C37BD465DF8047B88
:10600000704780B483B000AF78607B685B6903F051
:10601000010318460C37BD465DF8047B704780B419
:1060200085B000AF78607B68FB60FB6803F51063A8
:106030001B68FA6802F5106223F4FF6323F007037C
:106040001360FB6803F500635B68FA6802F50062A1
:1060500043F480735360002318461437BD465DF83F
:10606000047B704780B487B000AFF8600B467A605D
:10607000FB72FB687B61FB683C3304331B683B614C
:106080003B69264A93420AD97B6903F530631B6852
:1060900003F00043B3F1004F01D1002337E07B69E7
:1060A00003F530631A46002313617B6903F53063FF
:1060B0001B697A6902F5306243F4002313617B693E
:1060C00003F530631B697A6902F5306243F0180307
:1060D00013617B6903F530631B697A6902F53062ED
:1060E00043F0C0431361FB7A012B0FD17B6903F5A9
:1060F00030631A467B6853617B6903F530631B6824
:106100007A6902F5306243F0802313600023184659
:106110001C37BD465DF8047B704700BF0A30544F02
:1061200080B485B000AF78600023FB60FB6801336A
:10613000FB60FB68B3F1706F01D9032322E07B6839
:106140001B69002BF2DA0A23FB6002E0FB68013BCB
:10615000FB60FB68002BF9D17B681B6943F00102EF
:106160007B681A61FB680133FB60FB68B3F1706FF9
:1061700001D9032306E07B681B6903F00103012BAF
:10618000F0D0002318461437BD465DF8047B7047F5
:1061900080B584B000AF78600B46FB704FF4077099
:1061A00002F06EFDF860FB68002B09D17B68D3F824
:1061B000D4227B68B032002143F822100223D4E0BD
:1061C0004FF407720021F86802F002FE7B68D3F8F2
:1061D000D4227B68B032F96843F822107B68D3F888
:1061E000D4227B68B03253F822207B68C3F8BC22EB
:1061F0007B681B7C002B38D15E4B19784FF4007301
:106200000222786802F0CBFB5A4B1B7803F00F0296
:10621000796813469B0013449B000B4423330122EF
:106220001A70554B19784FF400730222786802F007
:10623000B6FB514B1B7803F00F02796813469B00A5
:1062400013449B000B4403F2631301221A704B4B5F
:106250001B7803F00F02796813469B0013449B00E0
:106260000B441C3310221A6035E0424B197840234E
:106270000222786802F093FB3E4B1B7803F00F027A
:10628000796813469B0013449B000B44233301227F
:106290001A70394B197840230222786802F07FFB8C
:1062A000354B1B7803F00F02796813469B001344AB
:1062B0009B000B4403F2631301221A702F4B1B78CF
:1062C00003F00F02796813469B0013449B000B44B4
:1062D0001C3310221A60294B19780823032278688E
:1062E00002F05DFB254B1B7803F00F027968134623
:1062F0009B0013449B000B44233301221A70FB685C
:106300000022C3F804227B68D3F8D4327A68B03311
:106310009B0013445B681B689847FB680022C3F826
:106320001422FB680022C3F81822FB68D3F8043259
:10633000002B01D1022318E07B681B7C002B0AD1C3
:106340000D4B1978FB68D3F804224FF4007378687A
:1063500002F014FC08E0084B1978FB68D3F804221B
:106360004023786802F00AFC002318461037BD4627
:1063700080BD00BF970000209800002099000020F9
:1063800080B582B000AF78600B46FB703A4B1B784B
:106390001946786802F029FB374B1B7803F00F028F
:1063A000796813469B0013449B000B44233300225F
:1063B0001A70324B1B781946786802F016FB2F4B87
:1063C0001B7803F00F02796813469B0013449B006F
:1063D0000B4403F2631300221A70294B1B781946F1
:1063E000786802F002FB264B1B7803F00F027968F5
:1063F00013469B0013449B000B44233300221A7066
:106400001F4B1B7803F00F02796813469B0013445F
:106410009B000B441C3300221A607B68D3F8D42203
:106420007B68B03253F82230002B1FD07B68D3F842
:10643000D4327A68B0339B0013445B685B6898473A
:106440007B68D3F8D4227B68B03253F822301846E8
:1064500002F024FC7B68D3F8D4227B68B0320021A0
:1064600043F822107B680022C3F8BC2200231846A0
:106470000837BD4680BD00BF97000020980000206F
:106480009900002080B586B000AF786039607B68E5
:10649000D3F8D4227B68B03253F822303B6100231A
:1064A0007B7300237B810023FB753B69002B01D1AB
:1064B0000323BFE03B681B7803F06003002B50D040
:1064C000202B40F0AF803B68DB88002B3AD03B6844
:1064D0001B785BB2002B1BDA7B68D3F8D4327A6866
:1064E000B0339B0013445B689B683A685078396905
:1064F0003A68D28898473B68DB88072B28BF072378
:10650000FB813B69FA891946786801F0D3FD90E078
:106510003B685A783B6983F800223B68DB883F2B55
:1065200003D83B68DB88DAB200E040223B6983F89D
:10653000012239693B6993F801321A46786801F003
:10654000E8FD76E07B68D3F8D4327A68B0339B00FC
:1065500013445B689B683A68507800223968984712
:1065600067E03B685B780B2B51D801A252F823F00F
:10657000A16500081D6600080F6600080F66000888
:106580000F6600080F6600080F6600080F66000817
:106590000F6600080F660008CB650008F565000867
:1065A0007B6893F89C32DBB2032B07D107F10A0317
:1065B00002221946786801F07DFD32E0396878687A
:1065C00001F0FBFC0323FB752BE07B6893F89C3206
:1065D000DBB2032B07D107F10D03012219467868BE
:1065E00001F068FD1DE03968786801F0E6FC0323DE
:1065F000FB7516E07B6893F89C32DBB2032B0FD05F
:106600003968786801F0D9FC0323FB7508E0396824
:10661000786801F0D2FC0323FB7502E000BF08E0BC
:1066200000BF06E03968786801F0C7FC0323FB75FA
:1066300000BFFB7D18461837BD4680BD80B584B0CD
:1066400000AF78600B46FB707B68D3F8C832FB6004
:106650007B68D3F8D4227B68B03253F82230002B09
:1066600001D1032365E07B68D3F8D4227B68B03284
:1066700053F82230BB60FB7803F00F0279681346B1
:106680009B0013449B000B4414331B68002B2FD03A
:10669000FB7803F00F02796813469B0013449B00BC
:1066A0000B4414331A68FB7803F00F01F8680B46AB
:1066B000DB000B449B0003441C331B68B2FBF3F16B
:1066C00001FB03F3D31A002B12D1FB7803F00F0266
:1066D000796813469B0013449B000B44143300223B
:1066E0001A60F97800230022786802F026FA1FE089
:1066F000BB680022C3F814227B68D3F8D4327A68CE
:10670000B0339B0013445B681B69002B10D07B687F
:10671000D3F8D4327A68B0339B0013445B681B69AA
:10672000BA68D2F80802BA6802F50471FA78984794
:10673000002318461037BD4680BD80B584B000AF39
:1067400078600B46FB707B68D3F8D4227B68B0324C
:1067500053F82230FB607B68D3F8D4227B68B032D8
:1067600053F82230002B01D103231AE0FB7819469D
:10677000786802F024FA0246FB68C3F80C227B68B2
:10678000D3F8D4327A68B0339B0013445B68DB687B
:10679000FA68D2F80402FA6802F5037211469847C3
:1067A000002318461037BD4680BD80B584B000AFC9
:1067B00078607B68D3F8D4227B68B03253F82230FB
:1067C000FB60FB68002B01D1032324E07B68D3F836
:1067D000D4327A68B0339B0013445B68002B19D025
:1067E000FB6893F80032FF2B14D07B68D3F8D432C7
:1067F0007A68B0339B0013445B689B68FA6892F830
:106800000002F968FA6892F801229847FB68FF22B3
:1068100083F80022002318461037BD4680BD0000D3
:1068200080B586B000AF78608221184800F062FD24
:1068300078610121154800F05DFD38618121134820
:1068400000F058FDF8607B69002B02D07B691022B4
:106850009A713B69002B06D03B69002242F040024E
:106860001A7100225A71FB68002B06D0FB680022C7
:1068700042F040021A7100225A717B6843221A804A
:10688000024B18461837BD4680BD00BF540000209B
:1068900080B586B000AF78608221184800F02AFDEC
:1068A00078610121154800F025FD386181211348E8
:1068B00000F020FDF8607B69002B02D07B6910227C
:1068C0009A713B69002B06D03B6900221A710022A5
:1068D00042F002025A71FB68002B06D0FB680022CE
:1068E0001A71002242F002025A717B6843221A8018
:1068F000024B18461837BD4680BD00BF540000202B
:1069000080B586B000AF78608221184800F0F2FCB4
:1069100078610121154800F0EDFC386181211348B0
:1069200000F0E8FCF8607B69002B02D07B69102244
:106930009A713B69002B06D03B69002242F040026D
:106940001A7100225A71FB68002B06D0FB680022E6
:1069500042F040021A7100225A717B6843221A8069
:10696000024B18461837BD4680BD00BF54000020BA
:1069700080B483B000AF78607B680A221A80034B32
:1069800018460C37BD465DF8047B704710000020A8
:1069900080B483B000AF786039603B68002B01D1D0
:1069A000032309E07B68D3F8D4327A68B0339B00C4
:1069B00013443A685A60002318460C37BD465DF808
:1069C000047B704780B487B000AFF860B9607A602C
:1069D000FB68D3F8D422FB68B03253F822307B61D5
:1069E0007B69002B01D1032308E07B69BA68C3F8F7
:1069F00008227B697A68C3F81022002318461C37E6
:106A0000BD465DF8047B704780B485B000AF786008
:106A100039607B68D3F8D4227B68B03253F82230D7
:106A2000FB60FB68002B01D1032304E0FB683A689C
:106A3000C3F80422002318461437BD465DF8047BD2
:106A40007047000080B584B000AF78607B68D3F8F1
:106A5000D4227B68B03253F82230BB600123FB7331
:106A6000BB68002B01D1032325E0BB68D3F81432A7
:106A7000002B1FD1BB680122C3F81422104B1B78D6
:106A800003F00F02BB68D3F81012786813469B001E
:106A900013449B00034414331960094B1978BB68F5
:106AA000D3F80822BB68D3F81032786802F045F8B2
:106AB0000023FB73FB7B18461037BD4680BD00BF2B
:106AC0009700002080B584B000AF78607B68D3F871
:106AD000D4227B68B03253F82230FB607B68D3F855
:106AE000D4227B68B03253F82230002B01D103232B
:106AF00018E07B681B7C002B0AD10C4B1978FB68D3
:106B0000D3F804224FF40073786802F037F808E0F5
:106B1000064B1978FB68D3F804224023786802F00A
:106B20002DF8002318461037BD4680BD9800002080
:106B300080B586B000AFF860B9601346FB71FB68A2
:106B4000002B01D103231FE0FB680022C3F8B82209
:106B5000FB680022C3F8C422FB680022C3F8D022DD
:106B6000BB68002B03D0FB68BA68C3F8B422FB688B
:106B7000012283F89C22FB68FA791A70F86801F008
:106B8000A7FE0346FB75FB7D18461837BD4680BD42
:106B900080B584B000AF786039600023FB813B682A
:106BA000002B01D1032325E07B683A68C3F8B822A3
:106BB0007B68D3F8D4227B68AE3253F82230DB6A8C
:106BC000002B0FD07B68D3F8D4227B68AE3253F809
:106BD0002230DB6A07F10E021046984702467B68B6
:106BE000C3F8D0227B68D3F8D8325A1C7B68C3F82C
:106BF000D822002318461037BD4680BD80B582B02C
:106C000000AF7860786801F0AFFE03461846083799
:106C1000BD4680BD80B483B000AF786000231846C5
:106C20000C37BD465DF8047B704780B584B000AF7B
:106C300078600B46FB700023FB737B68D3F8B83297
:106C4000002B09D07B68D3F8B8321B68FA7811465C
:106C5000786898470346FB73FB7B18461037BD46A0
:106C600080BD80B584B000AF78600B46FB70002318
:106C7000FB737B68D3F8B8325B68FA7811467868A2
:106C800098470346002B01D00323FB73FB7B184678
:106C90001037BD4680BD80B584B000AF78603960E4
:106CA0007B6803F2AA233968184601F04CF97B6827
:106CB0000122C3F894227B68B3F8B0321A467B688D
:106CC000C3F898227B6893F8AA3203F01F03022BC3
:106CD0001AD0022B22D8002B02D0012B0AD01DE0A3
:106CE0007B6803F2AA231946786800F077FB034615
:106CF000FB7320E07B6803F2AA231946786800F052
:106D0000DFFB0346FB7316E07B6803F2AA231946F8
:106D1000786800F041FC0346FB730CE07B6893F855
:106D2000AA3223F07F03DBB21946786801F07CFEBB
:106D30000346FB7300BFFB7B18461037BD4680BD82
:106D400080B586B000AFF8600B467A60FB72002316
:106D5000FB75FB7A002B77D1FB6803F5AA733B61C7
:106D6000FB68D3F89432032B40F0A1803B695B6849
:106D70003A69928993421CD93B695B683A69928966
:106D80009A1A3B695A603B691B693A6992891A44AD
:106D90003B691A613B6919693B699B891A463B69E2
:106DA0005B68934238BF13461A46F86801F0D2F97F
:106DB0007DE0FB6893F8AA3203F01F03022B14D086
:106DC000022B1DD8002B02D0012B03D018E000238A
:106DD000BB7518E0FB68B3F8AE32DBB21946F86851
:106DE00000F06EFA0346BB750DE0FB68B3F8AE32F7
:106DF000DBB21946F86800F070FA0346BB7502E092
:106E00000023BB7500BFBB7D002B19D1FB6893F835
:106E10009C32DBB2032B13D1BA7DFB68AE3253F840
:106E200022301B69002B0BD0BA7DFB68C3F8D4223B
:106E3000BA7DFB68AE3253F822301B69F868984778
:106E4000F86801F098F932E0FB7A03F07F03DBB2D7
:106E50001946F86800F041FA0346BB75BB7DFF2B6D
:106E600025D0BB7D002B22D1FB6893F89C32DBB28E
:106E7000032B17D1BA7DFB68AE3253F822309B69E1
:106E8000002B0FD0BA7DFB68C3F8D422BA7DFB6813
:106E9000AE3253F822309B69FA7A1146F868984767
:106EA0000346FB75FB7D002B01D0FB7D00E000233A
:106EB00018461837BD4680BD80B586B000AFF86073
:106EC0000B467A60FB72FB7A002B78D1FB68143397
:106ED0003B61FB68D3F89432022B63D13B695B685A
:106EE0003A69928993421CD93B695B683A699289F5
:106EF0009A1A3B695A603B691B693A6992891A443C
:106F00003B691A613B6919693B695B681A46F86815
:106F100001F0EEF8002300220021F86801F02EFEB7
:106F200040E03B699B891A463B695B689A421CD1E9
:106F30003B691B683A699289934216D33B691A6888
:106F4000FB68D3F898329A420FD200220021F868E9
:106F500001F0CEF8FB680022C3F89822002300223B
:106F60000021F86801F00AFE1CE0FB6893F89C32EF
:106F7000DBB2032B0FD1FB68D3F8B832DB68002BF0
:106F800009D0FB680022C3F8D422FB68D3F8B832DA
:106F9000DB68F86898478021F86801F045FDF868DB
:106FA00001F0FCF8FB6893F8A032002B3AD0F868A7
:106FB000FFF730FEFB68002283F8A02232E0FB7A64
:106FC00063F07F03DBB21946F86800F086F90346E8
:106FD000FB75FB7DFF2B25D0FB7D002B22D1FB68B1
:106FE00093F89C32DBB2032B1CD1FA7DFB68AE32E6
:106FF00053F822305B69002B14D0FA7DFB68C3F88C
:10700000D422FA7DFB68AE3253F822305B69FA7AFB
:107010001146F86898470346BB75BB7D002B01D02D
:10702000BB7D00E0002318461837BD4680BD80B503
:1070300084B000AF78600023FB737B68012283F883
:107040009C227B680022C3F894227B6800225A604D
:107050007B680022C3F8A4227B68002283F8A02268
:107060007B68D3F8B832002B14D07B68D3F8B832E1
:107070005B68002B0ED07B68D3F8B8325B687A6807
:107080005268D2B21146786898470346002B01D067
:107090000323FB73402300220021786801F07FFC6A
:1070A0007B68012283F863217B684022A3F860217A
:1070B000402300228021786801F071FC7B68012266
:1070C00083F823207B6840221A84FB7B1846103704
:1070D000BD4680BD80B483B000AF78600B46FB70C6
:1070E0007B68FA781A74002318460C37BD465DF8A1
:1070F000047B704780B483B000AF78607B6893F8FE
:107100009C32DBB2042B06D07B6893F89C32DAB257
:107110007B6883F89D227B68042283F89C220023ED
:1071200018460C37BD465DF8047B704780B483B0C9
:1071300000AF78607B6893F89C32DBB2042B06D1F9
:107140007B6893F89D32DAB27B6883F89C22002337
:1071500018460C37BD465DF8047B704780B582B099
:1071600000AF78607B6893F89C32DBB2032B10D1C0
:107170007B68D3F8B832002B0BD07B68D3F8B832D9
:10718000DB69002B05D07B68D3F8B832DB697868FF
:107190009847002318460837BD4680BD80B582B0A9
:1071A00000AF78600B46FB707B68D3F8D4227B6815
:1071B000AE3253F82230002B01D103231CE07B6850
:1071C00093F89C32DBB2032B15D17B68D3F8D42221
:1071D0007B68AE3253F822301B6A002B0BD07B68E1
:1071E000D3F8D4227B68AE3253F822301B6AFA7887
:1071F000114678689847002318460837BD4680BD79
:1072000080B582B000AF78600B46FB707B68D3F826
:10721000D4227B68AE3253F82230002B01D10323F5
:107220001CE07B6893F89C32DBB2032B15D17B68A2
:10723000D3F8D4227B68AE3253F822305B6A002B3D
:107240000BD07B68D3F8D4227B68AE3253F822305F
:107250005B6AFA7811467868984700231846083721
:10726000BD4680BD80B483B000AF7860002318466F
:107270000C37BD465DF8047B704780B584B000AF25
:1072800078600023FB737B68012283F89C227B6873
:10729000D3F8B832002B0ED07B68D3F8B8325B68D5
:1072A0007A685268D2B21146786898470346002B34
:1072B00001D00323FB73FB7B18461037BD4680BD0E
:1072C00080B483B000AF78600B46FB700023184693
:1072D0000C37BD465DF8047B704780B483B000AFC7
:1072E00078600B46FB70002318460C37BD465DF8EE
:1072F000047B704780B586B000AF78600B46FB70AA
:107300007B687B617B68FB6000233B61FB685B887B
:107310009BB2FA68127893421FD9FB681B787B8175
:1073200013E007F10A031946786900F01BF8786149
:107330007B695B78052B08D17B693B613B699B7856
:10734000FA789A4208D000233B61FB685B889AB2C6
:107350007B899A42E5D800E000BF3B6918461837A0
:10736000BD4680BD80B485B000AF786039607B6871
:10737000FB603B681B88FA68127813449AB23B683A
:107380001A80FB681B781A467B681344FB60FB6815
:1073900018461437BD465DF8047B704780B487B04B
:1073A00000AF78607B687B617B691B787B827B693F
:1073B00001337B617B691B783B82B7F910301B027C
:1073C0001AB2B7F9123013431BB2FB81FB8918467E
:1073D0001C37BD465DF8047B7047000080B584B063
:1073E00000AF786039600023FB733B681B7803F0C3
:1073F0006003402B05D0402B57D8002B0FD0202BFB
:1074000053D17B68D3F8D4227B68AE3253F8223054
:107410009B683968786898470346FB734AE03B6885
:107420005B78092B3BD801A252F823F08174000845
:10743000957400089F7400088B7400089F740008FE
:107440005F740008557400089F7400087774000882
:10745000697400083968786800F03EFA24E03968F9
:10746000786800F0CDFB1FE03968786800F00CFC0C
:107470000346FB7318E03968786800F0AFFC13E04E
:107480003968786800F0E0FC0EE03968786800F050
:107490000FFD09E03968786800F033FD04E03968D1
:1074A000786800F08AFD00BF04E03968786800F071
:1074B00084FD00BFFB7B18461037BD4680BD00BF72
:1074C00080B584B000AF786039600023FB733B68FF
:1074D0001B7803F06003402B05D0402B52D8002BC3
:1074E00001D0202B4ED17B6893F89C32DBB2013B5C
:1074F000022B40D83B689B88DBB2012B36D83B6817
:107500009B88DBB219467868FFF7DAFE0346BB7347
:10751000BB7BFF2B1DD0BB7B002B1AD1BA7B7B68BA
:10752000AE3253F822309B68002B0FD0BA7B7B68B9
:10753000C3F8D422BA7B7B68AE3253F822309B6802
:107540003968786898470346FB7304E00323FB73AC
:1075500001E00323FB733B68DB88002B10D1FB7B2E
:10756000002B0DD1786800F006FE09E039687868D4
:1075700000F023FD04E03968786800F01EFD00E0AB
:1075800000BF04E03968786800F017FD00BFFB7B9E
:1075900018461037BD4680BD80B584B000AF786016
:1075A00039600023FB733B689B88BB733B681B7887
:1075B00003F06003402B07D0402B00F28181002BA9
:1075C0002AD0202B40F07C81BB7B19467868FFF7DE
:1075D00084FE03467B737B7BFF2B00F076817B7BF5
:1075E000002B40F072817A7B7B68C3F8D4227A7BCF
:1075F0007B68AE3253F822309B68002B00F0658127
:107600007A7B7B68AE3253F822309B6839687868A1
:1076100098470346FB7358E13B685B78032B08D01F
:10762000032B00F34781002B00F09B80012B3CD003
:1076300040E17B6893F89C32DBB2022B02D0032B33
:1076400016D02CE0BB7B002B0DD0BB7B802B0AD04F
:10765000BB7B1946786801F0E7F98021786801F072
:10766000E3F900BF20E03968786800F0A6FC1BE071
:107670003B685B88002B0ED1BB7B002B0BD0BB7B08
:10768000802B08D03B68DB88002B04D1BB7B1946DC
:10769000786801F0C9F9786800F06DFD04E0396898
:1076A000786800F08AFC00BF09E17B6893F89C329F
:1076B000DBB2022B02D0032B16D04BE0BB7B002B9E
:1076C0000DD0BB7B802B0AD0BB7B1946786801F0BC
:1076D000ABF98021786801F0A7F900BF40E0396874
:1076E000786800F06AFC3BE03B685B88002B36D191
:1076F000BB7B03F07F03002B04D0BB7B194678686B
:1077000001F0B1F9786800F036FDBB7B1946786866
:10771000FFF7E3FD03467B737B7BFF2B1FD07B7B57
:10772000002B1CD17A7B7B68C3F8D4227A7B7B68E0
:10773000AE3253F822309B68002B10D07A7B7B68E6
:10774000AE3253F822309B68396878689847034610
:10775000FB7304E03968786800F02FFC00E000BF9C
:10776000ADE07B6893F89C32DBB2022B02D0032B96
:1077700033D099E0BB7B002B07D0BB7B802B04D0A0
:107780003968786800F019FC93E097F90E30002B07
:107790000BDABB7B03F07F0213469B0013449B0074
:1077A00010337A68134404330BE0BB7B03F07F0291
:1077B00013469B0013449B0003F5A8737A68134497
:1077C0000433BB60BB6800229A73BB680E3302228D
:1077D0001946786800F06EFC6BE097F90E30002BCC
:1077E00011DABB7B03F00F02796813469B00134448
:1077F0009B000B4423331B78002B17D13968786822
:1078000000F0DBFB55E0BB7B03F00F027968134609
:107810009B0013449B000B4403F263131B78002B63
:1078200004D13968786800F0C8FB42E097F90E305F
:10783000002B0BDABB7B03F07F0213469B00134443
:107840009B0010337A68134404330BE0BB7B03F0D6
:107850007F0213469B0013449B0003F5A8737A68CC
:1078600013440433BB60BB7B002B02D0BB7B802B5B
:1078700003D1BB6800229A730EE0BB7B194678687F
:1078800001F010F90346002B03D0BB6801229A7364
:1078900002E0BB6800229A73BB680E3302221946CD
:1078A000786800F007FC04E03968786800F085FB30
:1078B00000BF04E03968786800F07FFB00BF05E096
:1078C0003968786800F079FB00E000BFFB7B184660
:1078D0001037BD4680BD000080B584B000AF786031
:1078E000396000233B810023FB600023FB723B686F
:1078F0005B881B0A9BB2013B0E2B00F2528101A256
:1079000052F823F0757900088D790008CD790008C8
:10791000A37B0008A37B0008437B00086F7B000863
:10792000A37B0008A37B0008A37B0008A37B0008BF
:10793000A37B0008A37B0008A37B00084179000813
:107940007B68D3F8B432DB69002B0BD07B68D3F8AB
:10795000B432DB697A68127C07F108011046984757
:10796000F86026E13968786800F027FBFB7A01337C
:10797000FB721EE17B68D3F8B4321B687A68127C14
:1079800007F1080110469847F86012E17B681B7CFC
:10799000002B0DD17B68D3F8B8329B6A07F108023F
:1079A00010469847F860FB68013302221A7000E124
:1079B0007B68D3F8B832DB6A07F1080210469847B3
:1079C000F860FB68013302221A70F2E03B685B88C2
:1079D000DBB2052B00F2AC8001A252F823F000BF0D
:1079E000F97900082D7A0008617A0008957A000874
:1079F000C97A0008FD7A00087B68D3F8B4325B6866
:107A0000002B0BD07B68D3F8B4325B687A68127CA9
:107A100007F1080110469847F86091E039687868E6
:107A200000F0CBFAFB7A0133FB7289E07B68D3F874
:107A3000B4329B68002B0BD07B68D3F8B4329B68C0
:107A40007A68127C07F1080110469847F86077E0E1
:107A50003968786800F0B1FAFB7A0133FB726FE0A5
:107A60007B68D3F8B432DB68002B0BD07B68D3F88B
:107A7000B432DB687A68127C07F108011046984737
:107A8000F8605DE03968786800F097FAFB7A0133B6
:107A9000FB7255E07B68D3F8B4321B69002B0BD026
:107AA0007B68D3F8B4321B697A68127C07F108014D
:107AB00010469847F86043E03968786800F07DFA2E
:107AC000FB7A0133FB723BE07B68D3F8B4325B692D
:107AD000002B0BD07B68D3F8B4325B697A68127CD8
:107AE00007F1080110469847F86029E0396878687E
:107AF00000F063FAFB7A0133FB7221E07B68D3F874
:107B0000B4329B69002B0BD07B68D3F8B4329B69ED
:107B10007A68127C07F1080110469847F8600FE078
:107B20003968786800F049FAFB7A0133FB7207E0A4
:107B30003968786800F041FAFB7A0133FB7200BFC4
:107B400037E07B681B7C002B09D17B68D3F8B83207
:107B50005B6B07F1080210469847F86029E0396826
:107B6000786800F02AFAFB7A0133FB7221E07B6827
:107B70001B7C002B0DD17B68D3F8B8321B6B07F14F
:107B8000080210469847F860FB68013307221A7014
:107B90000FE03968786800F010FAFB7A0133FB7265
:107BA00007E03968786800F008FAFB7A0133FB7265
:107BB00000BFFB7A002B1ED13B68DB88002B16D060
:107BC0003B89002B0ED03B68DA883B89934228BF63
:107BD00013469BB23B813B891A46F968786800F0EE
:107BE00069FA09E03968786800F0E7F904E0786834
:107BF00000F0C1FA00E000BF1037BD4680BD00BFF5
:107C000080B584B000AF786039603B689B88002BFA
:107C100031D13B68DB88002B2DD13B685B887F2B03
:107C200029D83B685B88DBB203F07F03FB737B687A
:107C300093F89C32DBB2032B04D13968786800F0EA
:107C4000BCF91DE07B68FA7B83F89E22FB7B19461A
:107C5000786800F053FF786800F08DFAFB7B002B0A
:107C600004D07B68022283F89C2209E07B68012211
:107C700083F89C2204E03968786800F09EF900BF20
:107C800000BF1037BD4680BD80B584B000AF7860BE
:107C900039600023FB733B685B88DAB24E4B1A7085
:107CA0004D4B1B78012B05D93968786800F085F9B0
:107CB00003238CE07B6893F89C32DBB2022B02D06A
:107CC000032B29D075E0444B1B78002B20D0424B6E
:107CD0001B781A467B685A603F4B1B7819467868B8
:107CE000FEF7A3FF0346FB73FB7B002B08D039682C
:107CF000786800F062F97B68022283F89C2265E0D4
:107D0000786800F038FA7B68032283F89C225DE0F3
:107D1000786800F030FA59E02F4B1B78002B12D115
:107D20007B68022283F89C222B4B1B781A467B68C7
:107D30005A60294B1B7819467868FEF792FF7868DD
:107D400000F019FA42E0244B1B781A467B685B6806
:107D50009A422AD07B685B68DBB219467868FEF7E6
:107D600080FF1D4B1B781A467B685A601A4B1B78A4
:107D700019467868FEF759FF0346FB73FB7B002B1F
:107D80000FD03968786800F018F97B685B68DBB25F
:107D900019467868FEF765FF7B68022283F89C220B
:107DA00014E0786800F0E7F910E0786800F0E3F993
:107DB0000CE03968786800F000F9074B1B78194629
:107DC0007868FEF74EFF0323FB7300BFFB7B18466A
:107DD0001037BD4680BD00BF6402002080B582B070
:107DE00000AF786039603B68DB88012B04D03968CC
:107DF000786800F0E2F823E07B6893F89C32DBB20D
:107E0000022B02DC002B03DC15E0032B0BD012E06D
:107E10007B6800229A607B680833012219467868E3
:107E200000F048F90CE07B680433012219467868B9
:107E300000F040F904E03968786800F0BEF800BF4F
:107E400000BF0837BD4680BD80B582B000AF786006
:107E500039607B6893F89C32DBB2013B022B1ED861
:107E60003B68DB88022B04D03968786800F0A5F8FD
:107E70001AE07B680122DA607B68D3F8A432002B19
:107E800005D07B68DB6843F002027B68DA607B68C0
:107E90000C3302221946786800F00CF904E03968C6
:107EA000786800F08AF800BF00BF0837BD4680BD83
:107EB00080B582B000AF786039603B685B88012B89
:107EC00007D17B680122C3F8A422786800F053F937
:107ED00013E03B685B88022B0BD13B689B881B0A35
:107EE0009BB2DAB27B6883F8A022786800F043F98D
:107EF00003E03968786800F060F800BF0837BD46D5
:107F000080BD80B582B000AF786039607B6893F83F
:107F10009C32DBB2013B022B0BD83B685B88012B08
:107F20000CD17B680022C3F8A422786800F023F902
:107F300004E03968786800F040F800E000BF00BF56
:107F40000837BD4680BD80B584B000AF7860396029
:107F50003B68FB60FB681A787B681A70FB6801332A
:107F6000FB60FB681A787B685A70FB680133FB6022
:107F7000F868FFF713FA03461A467B685A80FB68D5
:107F80000133FB60FB680133FB60F868FFF706FA1A
:107F900003461A467B689A80FB680133FB60FB68E6
:107FA0000133FB60F868FFF7F9F903461A467B686E
:107FB000DA8000BF1037BD4680BD80B582B000AF0B
:107FC000786039608021786800F02EFD00217868A3
:107FD00000F02AFD00BF0837BD4680BD80B586B0E1
:107FE00000AFF860B9607A600023FB75FB68002B76
:107FF00042D0FB683B61386900F042F80346013328
:108000005B00B3F5007F08D8386900F039F8034603
:1080100001339BB25B009AB201E04FF400727B68BF
:108020001A80FB7DBA6813447A6812781A70FB7D57
:108030000133FB75FB7DBA68134403221A70FB7D84
:108040000133FB7513E0FB7DBA6813443A6912787B
:108050001A703B6901333B61FB7D0133FB75FB7D8E
:10806000BA68134400221A70FB7D0133FB753B692B
:108070001B78002BE7D100E000BF1837BD4680BD5C
:1080800080B485B000AF78600023FB737B68BB6071
:1080900005E0FB7B0133FB73BB680133BB60BB684E
:1080A0001B78002BF5D1FB7B18461437BD465DF8D5
:1080B000047B704780B584B000AFF860B9607A6027
:1080C000FB680222C3F89422FB687A685A61FB6855
:1080D000BA685A62FB687A689A617B68BA6800215C
:1080E000F86800F02AFD002318461037BD4680BD11
:1080F00080B584B000AFF860B9607A607B68BA6818
:108100000021F86800F019FD002318461037BD461D
:1081100080BD80B584B000AFF860B9607A60FB685C
:108120000322C3F89422FB687A68C3F85421FB68E1
:10813000BA68C3F86421FB687A68C3F858217B6881
:10814000BA680021F86800F019FD002318461037BE
:10815000BD4680BD80B584B000AFF860B9607A607C
:108160007B68BA680021F86800F008FD0023184613
:108170001037BD4680BD80B582B000AF78607B68A7
:108180000422C3F89422002300220021786800F022
:10819000D4FC002318460837BD4680BD80B582B0A8
:1081A00000AF78607B680522C3F894220023002288
:1081B0000021786800F0E2FC002318460837BD462D
:1081C00080BD000080B500AF002212491248FEF7C2
:1081D000AFFC0346002B01D0F8F7AEFC0F490E4868
:1081E000FEF7D6FC0346002B01D0F8F7A5FC0C499E
:1081F0000948FEF7CDFB0346002B01D0F8F79CFCA5
:108200000548FEF7FBFC0346002B01D0F8F794FC71
:1082100000BF80BDB0000020680200201C000020CC
:108220009C00002080B500AF002205490548FEF7FC
:10823000C9FB05490348FEF7E7FB0023184680BD4C
:10824000440D0020680200204405002080B400AFE7
:1082500000231846BD465DF8047B704780B483B0A8
:1082600000AF03463960FB711346BB80FB79232BBB
:108270004AD801A252F823F00983000809830008B4
:10828000098300080983000809830008098300089E
:10829000098300080983000809830008098300088E
:1082A000098300080983000809830008098300087E
:1082B000098300080983000809830008098300086E
:1082C000098300080983000809830008098300085E
:1082D000098300080983000809830008098300084E
:1082E000098300080983000809830008098300083E
:1082F000098300080983000809830008098300082E
:10830000098300080983000800BF002318460C37C2
:10831000BD465DF8047B704780B582B000AF7860E1
:10832000396079680C48FEF76FFB0C4B01221A701C
:108330003B681B681A467968094800F051FD3B68A4
:108340001B68074A0021D1540348FEF7BBFB0023FA
:1083500018460837BD4680BD680200204402002050
:10836000C401002080B584B000AF78600B467B80EC
:108370000023FB730D4BD3F8BC32BB60BB68D3F852
:108380001432002B01D001230BE07B881A46796858
:108390000648FEF717FB0548FEF754FB0346FB7340
:1083A000FB7B18461037BD4680BD00BF6802002029
:1083B00080B487B000AFF860B9601346FB7100234A
:1083C000FB7597F9173018461C37BD465DF8047BDE
:1083D0007047000080B483B000AF03463960FB7182
:1083E0003B6812221A80034B18460C37BD465DF8D5
:1083F000047B7047D000002080B483B000AF0346F8
:108400003960FB713B6804221A80034B18460C3715
:10841000BD465DF8047B7047F000002080B582B057
:1084200000AF03463960FB71FB79002B05D13A6838
:1084300007490848FFF7D2FD04E03A6804490548B7
:10844000FFF7CCFD024B18460837BD4680BD00BF84
:108450004415002094A0000880B582B000AF034608
:108460003960FB713A6804490448FFF7B7FD024BD5
:1084700018460837BD4680BD44150020ACA0000852
:1084800080B582B000AF03463960FB713B681A22A9
:108490001A8000F055F8024B18460837BD4680BDDB
:1084A000F400002080B582B000AF03463960FB7154
:1084B000FB79002B05D13A6807490848FFF78EFD84
:1084C00004E03A6804490548FFF788FD024B184666
:1084D0000837BD4680BD00BF44150020C0A000087D
:1084E00080B582B000AF03463960FB71FB79002B89
:1084F00005D13A6807490848FFF770FD04E03A687B
:1085000004490548FFF76AFD024B18460837BD4687
:1085100080BD00BF44150020CCA0000880B483B00B
:1085200000AF03463960FB713B680C221A80034B95
:1085300018460C37BD465DF8047B7047E400002008
:1085400080B584B000AF0F4B1B68FB600E4B1B68FF
:10855000BB600E4B1B687B60FA687B681344FB6052
:10856000FB68002B09D008220949F86800F014F8CC
:1085700004220849B86800F00FF800BF1037BD4664
:1085800080BD00BF107AFF1F147AFF1F187AFF1FEB
:10859000F60000200601002080B487B000AFF8602C
:1085A000B9601346FB710023FB750023FB7527E0C0
:1085B000FB681B0F092B0BD8FB681B0FDAB2FB7D86
:1085C0005B001946BB680B443032D2B21A700AE025
:1085D000FB681B0FDAB2FB7D5B001946BB680B44DE
:1085E0003732D2B21A70FB681B01FB60FB7D5B0067
:1085F0000133BA68134400221A70FB7D0133FB7506
:10860000FA7DFB799A42D3D300BF00BF1C37BD4629
:108610005DF8047B7047000080B5A0B000AF7860C3
:1086200007F16C0300221A605A609A60DA601A61DE
:1086300007F110035C220021184600F0C9FB7B689B
:108640001B68B3F1A04F49D14FF480733B61002305
:108650007B6607F110031846FAF728FB0346002B48
:1086600001D0F8F769FA0023FB601E4B1B6B1D4A13
:1086700043F0010313631B4B1B6B03F00103FB600F
:10868000FB684FF4C053FB6602233B6700237B6704
:108690000323BB670A23FB6707F16C0319461248E3
:1086A000F8F7B8FD0F4B5B6B0E4A43F08003536342
:1086B0000023BB600B4B5B6C0A4A43F4804353645A
:1086C000084B5B6C03F48043BB60BB680022002155
:1086D0004320F8F7D6FC4320F8F7EFFC00BF8037C3
:1086E000BD4680BD003802400000024080B582B027
:1086F00000AF78607B68D3F8E0247B6803F29C438A
:1087000019461046FEF7C7FA00BF0837BD4680BDC0
:1087100080B582B000AF78600B46FB707B68D3F801
:10872000E004FA7879681346DB0013449B000B449D
:1087300003F518731A68FB781946FEF701FB00BFB2
:108740000837BD4680BD80B582B000AF78600B466B
:10875000FB707B68D3F8E004FA7879681346DB0095
:1087600013449B000B4420331A68FB781946FEF72C
:10877000A3FB00BF0837BD4680BD80B582B000AF07
:1087800078607B68D3F8E0341846FEF7E7FC00BF5A
:108790000837BD4680BD80B584B000AF7860012346
:1087A000FB737B68DB79002B02D10023FB7308E0AD
:1087B0007B68DB79022B02D10123FB7301E0F8F720
:1087C000BBF97B68D3F8E034FA7B11461846FEF714
:1087D00081FC7B68D3F8E0341846FEF728FC00BF24
:1087E0001037BD4680BD000080B582B000AF786014
:1087F0007B68D3F8E0341846FEF77CFC7B681B6886
:1088000003F560631B687A68126802F5606243F0E2
:10881000010313607B68DB7A002B05D0044B1B69D6
:10882000034A43F00603136100BF0837BD4680BD0D
:1088300000ED00E080B582B000AF78607B68D3F8CF
:10884000E0341846FEF772FC00BF0837BD4680BD15
:1088500080B582B000AF78600B46FB707B68D3F8C0
:10886000E034FA7811461846FEF7CAFC00BF083714
:10887000BD4680BD80B582B000AF78600B46FB700E
:108880007B68D3F8E034FA7811461846FEF786FC88
:1088900000BF0837BD4680BD80B582B000AF7860AC
:1088A0007B68D3F8E0341846FEF7DCFC00BF0837DD
:1088B000BD4680BD80B582B000AF78607B68D3F8DC
:1088C000E0341846FEF7D9FC00BF0837BD4680BD2E
:1088D00080B582B000AF78607B681B78002B3CD1FC
:1088E000204A7B68C2F8E0347B681E4AC3F8C8227D
:1088F0001C4B4FF0A0421A601A4B06221A71194BFA
:108900000222DA71174B00229A71164B02225A7218
:10891000144B00229A72134B0022DA72114B002280
:108920001A73104B00229A730E4B0022DA730D4813
:10893000F8F704FE0346002B01D0F8F7FDF880217C
:108940000848FAF764F8402200210648FAF718F8B8
:10895000802201210348FAF713F80023184608374C
:10896000BD4680BD4417002080B584B000AF78605C
:108970000023FB730023BB737B68D3F8C83218460F
:10898000F8F7F2FE0346FB73FB7B184600F090F904
:108990000346BB73BB7B18461037BD4680BD80B510
:1089A00084B000AF7860084611461A460346FB7053
:1089B0000B46BB7013463B800023FB730023BB7345
:1089C0007B68D3F8C802BB783A88F978F9F7F3FBEB
:1089D0000346FB73FB7B184600F06AF90346BB7342
:1089E000BB7B18461037BD4680BD80B584B000AF54
:1089F00078600B46FB700023FB730023BB737B681E
:108A0000D3F8C832FA7811461846F9F73EFC034607
:108A1000FB73FB7B184600F04BF90346BB73BB7B33
:108A200018461037BD4680BD80B584B000AF786071
:108A30000B46FB700023FB730023BB737B68D3F8EA
:108A4000C832FA7811461846F9F7F6FC0346FB736C
:108A5000FB7B184600F02CF90346BB73BB7B184622
:108A60001037BD4680BD80B584B000AF78600B463E
:108A7000FB700023FB730023BB737B68D3F8C83201
:108A8000FA7811461846F9F73AFD0346FB73FB7B6B
:108A9000184600F00DF90346BB73BB7B1846103730
:108AA000BD4680BD80B485B000AF78600B46FB70DA
:108AB0007B68D3F8C832FB6097F90330002B0BDAE0
:108AC000FB7803F07F02F9681346DB0013449B0038
:108AD0000B4416331B780BE0FB7803F07F02F96838
:108AE0001346DB0013449B000B4403F256231B7810
:108AF00018461437BD465DF8047B704780B584B0D6
:108B000000AF78600B46FB700023FB730023BB7340
:108B10007B68D3F8C832FA7811461846F9F727FB74
:108B20000346FB73FB7B184600F0C2F80346BB7399
:108B3000BB7B18461037BD4680BD80B586B000AF00
:108B4000F8607A603B600B46FB720023FB750023E4
:108B5000BB75FB68D3F8C802F97A3B687A68F9F705
:108B600031FC0346FB75FB7D184600F0A1F8034677
:108B7000BB75BB7D18461837BD4680BD80B586B035
:108B800000AFF8607A603B600B46FB720023FB7518
:108B90000023BB75FB68D3F8C802F97A3B687A6892
:108BA000F9F7BDFB0346FB75FB7D184600F080F826
:108BB0000346BB75BB7D18461837BD4680BD80B5E2
:108BC00082B000AF78600B46FB707B68D3F8C83288
:108BD000FA7811461846F9F7DDFB034618460837C0
:108BE000BD4680BD80B582B000AF78600B46FB709B
:108BF000FB78002B02D0012B1FD03BE07B68DB7A97
:108C0000002B07D0F7F732FD1C4B1B691B4A23F0E2
:108C1000060313617B681B6803F560631B687A6851
:108C2000126802F5606223F0010313607B68D3F8D9
:108C3000E0341846FEF77AFA1CE07B681B6803F5FF
:108C400060631B687A68126802F5606243F0010392
:108C500013607B68D3F8E0341846FEF74BFA7B6864
:108C6000DB7A002B05D0054B1B69044A43F0060351
:108C7000136100BF00BF0837BD4680BD00ED00E0B6
:108C800080B483B000AF7860034B18460C37BD4604
:108C90005DF8047B704700BF281C002080B483B0BF
:108CA00000AF786000BF0C37BD465DF8047B7047AD
:108CB00080B485B000AF0346FB710023FB73FB79E2
:108CC000032B17D801A252F823F000BFDD8C000857
:108CD000E38C0008E98C0008EF8C00080023FB738C
:108CE0000BE00323FB7308E00123FB7305E0032380
:108CF000FB7302E00323FB7300BFFB7B18461437B2
:108D0000BD465DF8047B70470CB430B5184B0C1EA3
:108D10001D689DB008DA8B232B604FF0FF301DB02B
:108D2000BDE8304002B070474FF40273ADF8143024
:108D30004FF000031B9314BF04F1FF332346049349
:108D400007934FF6FF7302900690ADF81630209A05
:108D500021AB02A92846019300F0DAF9431CBCBFFD
:108D60008B232B60002CDAD0029B00221A70D6E7EE
:108D7000100100200EB470B59DB021AC00254FF459
:108D8000017254F8046BADF814201B950290069004
:108D9000F7F748FA0B4B039007900B480B934FF6ED
:108DA000FF73ADF816303246234602A900680F95CE
:108DB0001495019400F0FEFA1DB0BDE8704003B0B8
:108DC000704700BFCD8D00081001002000207047C3
:108DD00002440346934200D1704703F8011BF9E7B0
:108DE00010B50139034632B111F8014F03F8014BB8
:108DF000013A002CF7D11A440021934200D110BD52
:108E000003F8011BF9E70000014B1868704700BF29
:108E10001001002070B50D4B0D4D5B1B9C10002602
:108E2000A64209D101F0F0F80A4D0B4B5B1B9C10D8
:108E30000026A64205D170BD55F8043B984701367F
:108E4000EEE755F8043B98470136F2E758A20008D0
:108E500058A2000858A200085CA20008704770479A
:108E600038B50546002941D051F8043C0C1F002BB1
:108E7000B8BFE41800F0E0F81D4A136833B9636026
:108E800014602846BDE8384000F0DCB8A34208D999
:108E9000206821188B4201BF19685B68091821609E
:108EA000EDE71A465B680BB1A342FAD91168501876
:108EB000A0420BD120680144501883421160E0D1D8
:108EC00018685B68536008441060DAE702D90C2325
:108ED0002B60D6E7206821188B4204BF19685B68B5
:108EE000636004BF091821605460CAE738BD00BF41
:108EF0008C1F002070B50F4E0C463168054611B925
:108F000000F042FF30602146284600F03DFF431C40
:108F100003D14FF0FF34204670BDC41C24F003047D
:108F2000A042F8D0211A284600F02EFF0130F2D1DD
:108F3000EFE700BF881F00202DE9F843CD1C25F086
:108F4000030508350C2D38BF0C25002D064601DB26
:108F5000A94204D90C2333600020BDE8F883DFF870
:108F6000D48000F069F8D8F800301C4644BB29468C
:108F70003046FFF7BFFF431C044658D1D8F80040E5
:108F80002746002F43D1002C4BD02368394630466A
:108F900004EB030900F0F8FE814542D121686D1A07
:108FA00029463046FFF7A6FF01303AD023682B440C
:108FB0002360D8F800305A6862BBC8F800700FE030
:108FC0002268521B20D40B2A17D96119A3422560AD
:108FD00018BF5960636808BFC8F8001062514B6041
:108FE000304600F02FF804F10B00231D20F007009D
:108FF000C21A1CBF1B1AA350AFE76268A3420CBF82
:10900000C8F800205A60EBE723466468AEE73C46A8
:109010007F68B6E71A465B68A342FBD10023536022
:10902000DEE70C233360304600F00CF894E705606F
:10903000D6E700BF8C1F00200148FFF70FBF00BF1D
:10904000841F00200148FFF70ABF00BF841F0020D3
:109050002DE9F0478E681F46BE4282460C46904678
:10906000334653D8B1F90C0010F4906F2BD06569DA
:109070002368096905EB4505A3EB010905EBD575E7
:109080007B1C6D104B44AB422A4684BF1D462A46CA
:10909000430527D511465046FFF74EFF064658B305
:1090A00021694A4600F080FEA38923F4906343F0CF
:1090B0008003A381266165614E44A5EB0905266006
:1090C000A5603E463B461F4620683A46414600F0B2
:1090D00042FEA3689B1BA36023683B4423600020DF
:1090E000BDE8F087504600F06DFE06460028E1D14D
:1090F00021695046FFF7B4FE0C23CAF80030A3895B
:1091000043F04003A3814FF0FF30E9E73E46DBE741
:109110002DE9F0471F468B891B069CB006460D467D
:10912000144610D50B6973B94021FFF705FF28607D
:10913000286130B90C2333604FF0FF301CB0BDE81C
:10914000F08740236B610023099320238DF8293099
:1091500003973023654F8DF82A304FF001082346DE
:10916000994613F8012B0AB1252AF9D1B9EB040A63
:109170000BD05346224629463046FFF769FF01309F
:1091800000F0A480099A5244099299F80030002B0B
:1091900000F09C8000234FF0FF32CDE9052309F158
:1091A0000109049307938DF853301A934C464F48A6
:1091B00014F8011B0522F7F743F8049BD0B9D80631
:1091C00044BF20228DF85320190744BF2B228DF86D
:1091D000532099F800202A2A13D0079A4C460020E1
:1091E0004FF00A0C214611F8013B303B092B49D9BD
:1091F00068B913E0C01B08FA00F018430490A146B8
:10920000D4E7039A111D12680391002A01DB07922B
:1092100004E0524243F002030792049323782E2B7A
:109220000AD163782A2B32D1039B1A1D1B68039243
:1092300043EAE37302340593DFF8C09021780322F8
:109240004846F6F7FDFF38B1049BA0EB0900402229
:10925000824013430134049314F8011B24488DF811
:1092600028100622F6F7ECFF002835D0214818BB5D
:10927000039B073323F0070308330393099B03443D
:1092800009936CE70CFB02320C460120AAE700238D
:109290000134059319464FF00A0C204610F8012BB3
:1092A000303A092A03D9002BC6D00591C4E70CFB3C
:1092B000012104460123F0E703AB00932A460E4B3D
:1092C00004A93046AFF30080421CD7D1AB895B06BE
:1092D0003FF532AF099831E703AB00932A46064BBE
:1092E00004A9304600F052FAEEE700BF00A10008E2
:1092F0000AA10008000000005190000806A1000823
:1093000038B54B1C144603D14FF0FF35284638BD05
:10931000938923F020039381636B5268CDB28BB1A4
:10932000A36B934208DD23685A1E226003F8015C98
:10933000636801336360E9E7214600F0D2FC00284E
:10934000F1D0E1E72169236851B1994208D213F8BD
:10935000011CA94204D1013B013223606260D5E7C0
:10936000C4E90F3204F1440363630323A363234678
:1093700003F8465F23600123DCE710B50C46496B18
:1093800069B104F14403994201D0FFF769FD236CF0
:1093900063600020606313B1E36B236010BD236939
:1093A000236000236360A38943F02003A3814FF06F
:1093B000FF30F3E72DE9F04FADF5237D41AC0D46CD
:1093C0000021C4E9031101A96161AF49C4F87C110E
:1093D000DFF8C4B2AD49C4F880110746E8460093EF
:1093E00092F80090B9F1000F00F060811BF809308D
:1093F00013F0080302F101061BD06B68002B10DD8F
:109400002B681A781BF80220120701D43246E7E7CE
:109410002269013222616A680133013A6A602B6075
:10942000EBE7D4F880312946384698470028E7D042
:10943000ECE7B9F1250F40F084802360A3605378F6
:109440002A2B02BF1023961C23600A22B2461AF868
:10945000011BA1F13003092B1DD98D4B03221846A6
:10946000F6F7EEFE38B18A4B2268C01A012383401A
:1094700013432360564616F8013B782B06D8572B2A
:1094800010D8252B5DD057D8002B76D00323A361AD
:109490000A23636089E0A36802FB03113039A160ED
:1094A0005646D3E7A3F15802202AEFD801A151F87C
:1094B00022F000BF899500088D9400088D94000863
:1094C000E59500088D9400088D9400088D9400089F
:1094D0008D9400088D9400088D9400088D940008E8
:1094E000FB950008E19500083F9500083F950008AE
:1094F0003F9500088D9400089B9500088D94000806
:109500008D9400088D9400088D9400080B96000837
:10951000A3950008819500088D9400088D9400089B
:10952000079600088D940008E19500088D940008C6
:109530008D94000889950008453B022BA6D8052389
:1095400032E06B68002B0DDD2B681A784A4540F03D
:10955000AD8001336A682B602369013A01336A6088
:10956000236153E7D4F880312946384698470028CC
:10957000EAD0E068002840F091804FF0FF3091E0A1
:10958000226842F020022260226842F400722260C7
:1095900010226E2B626006D801E000236360032373
:1095A00002E0082363600423A3616B68002B3CDDA9
:1095B0002368590605D42B681A781BF80220120775
:1095C0003BD4A369022B4BDC43462A46214638464E
:1095D00000F002FA012869D002287FF417AFC8E72B
:1095E0000A22D6E7314601A800F042FB236843F087
:1095F0004003236006460123D6E7236843F0400377
:1096000023600023D0E70223CEE72068C3063FF59E
:10961000FDAED8F800302269191DC8F800101B688B
:10962000C0074CBF1A801A60F0E6D4F88031294692
:10963000384698470028BBD09BE722690132226157
:109640006A68013A002A6A6002DD01332B60B2E7E2
:10965000D4F880312946384698470028ABD088E7AF
:10966000042B06DC43462A462146384600F00EFA13
:10967000B0E7084B002B3FF4C9AE43462A462146CB
:109680003846AFF30080A5E7019300087B930008FC
:1096900006A10008000000004FA10008AB895B068E
:1096A0003FF56BAF0DF5237DBDE8F08FE068F9E77E
:1096B0002DE9F047164698468A680B69DDF8209038
:1096C0009342B8BF1346336091F8432007460C46D7
:1096D0000AB1013333602368990642BF336802330D
:1096E0003360256815F0060506D104F1190AE36810
:1096F00032689B1AAB4226DC94F843302268003B68
:1097000018BF012392062BD404F143024146384688
:10971000C84701301ED02368226903F00603042BDA
:1097200002BFE5683368ED1AA3680CBF25EAE5754A
:1097300000259342C4BF9B1AED1800261A34B54287
:109740001AD1002008E00123524641463846C84756
:10975000013003D14FF0FF30BDE8F0870135C6E797
:10976000E1185A1C302081F84300224494F8451037
:1097700082F843100233C7E70123224641463846A8
:10978000C8470130E6D00136D9E700002DE9F043A3
:109790000D7E85B0782D90460C9E07460C46994666
:1097A00001F1430207D8622D0AD8002D00F0D780BE
:1097B000582D00F0BC8004F1420684F842503BE092
:1097C000A5F16303152BF6D801A151F823F000BFD2
:1097D000299800083D980008B7970008B797000837
:1097E000B7970008B79700083D980008B79700089A
:1097F000B7970008B7970008B79700084599000881
:1098000067980008F7980008B7970008B79700080E
:1098100067990008B797000867980008B79700088D
:10982000B7970008FF98000833681A1D1B6832605C
:1098300004F1420684F842300123A1E03368206835
:10984000191D3160060601D51D6803E04506FBD5EC
:10985000B3F90050002D03DA2D236D4284F8433014
:109860005B480A2311E021683368080653F8045B5B
:1098700002D4490648BFADB23360237E54486F2BF3
:109880005CD10823002184F843106668A660002E8E
:1098900005DB21682E4321F00401216050D01646DB
:1098A000B5FBF3F103FB115C10F80CC006F801CD19
:1098B000AC4663450D46F3D9082B0BD12368DB0773
:1098C00008D5236961689942DEBF302306F8013C60
:1098D00006F1FF36921B2261CDF80090434603AAA1
:1098E00021463846FFF7E4FE01304ED14FF0FF30FD
:1098F00005B0BDE8F083236843F0200323603548BA
:10990000782584F845502368316813F0800F51F8AA
:10991000045B03D113F0400F18BFADB23160D9071B
:1099200044BF43F0200323601DB11023AAE7284859
:10993000E7E7236823F020032360F6E70A23A1E783
:109940001646B9E7336825686169181D30602E0630
:109950001B6801D5196002E06806FBD51980002359
:1099600023611646B8E733681A1D32601E686268C4
:1099700000213046F6F764FC08B1801B6060636824
:109980002361002384F84330A6E723693246414629
:109990003846C8470130A9D023689B0713D4E06834
:1099A000039B9842B8BF1846A2E7012332464146BE
:1099B0003846C847013099D00135E36803995B1AEE
:1099C000AB42F2DCEBE7002504F11906F5E700BF36
:1099D00011A1000822A100082DE9F84315468A6864
:1099E00080460C4632B98A69002A14BF4FF0FF3214
:1099F00001228A602268DFF89090D1065FBF1A6862
:109A0000111D196016680027A06988B1012807D1C7
:109A10002B681A7863699B5C53B9002F32D023E01E
:109A2000022821D12B681B7819F803301B071BD49F
:109A30002368DA065EBF2B681B7806F8013B6B686B
:109A4000013B6B602B6801332B60A368013B01373E
:109A5000A3604BB16B68002BD6DCD4F8803129466B
:109A6000404698470028CFD0236813F0100305D153
:109A7000E2680132E260A26902B1337023693B44BB
:109A800023610020BDE8F8834FA100082DE9F04FC5
:109A90009846734B0C468246164693E8070087B0FB
:109AA00003AB83E807006F4BA1696F4A032908BF26
:109AB0001A46A36801925A1EB2F5AE7F84BF6FF4B6
:109AC000AE7503EB0509274684BF40F25D13A36022
:109AD00057F81C3B43F4506398BF4FF000092360D4
:109AE0003D464FF0000B316803AB097853F82B006B
:109AF0000222F6F7A5FB28B3BBF1010F58D162682B
:109B00002AB92268082142F400726160226022684A
:109B100022F4A0622260A268511EA16092B1326854
:109B2000511C3160127805F8012B7268013A002A45
:109B3000726007DCD4F880213146504690470028F7
:109B400040F083800BF1010BBBF1030FCBD16168B7
:109B500009B90A216160454B6069591A00F088F81B
:109B60004FF0000BA3682268002B3DD0316860697C
:109B700091F800C010F80C00002835D0BCF1300F6F
:109B800024D1100522D50BF1010BB9F1000F03D040
:109B9000013309F1FF39A3607368013B002B736047
:109BA0001BDD336801333360A368013BA360D9E751
:109BB000BBF1020FAFD1226802F4C061B1F5007FA2
:109BC000C5D11021616042F48072A3E722F41062D3
:109BD00022600B7805F8013BDEE7D4F8803131468E
:109BE000504698470028DFD02368DB050DD5BD42DD
:109BF00009D915F8011CD4F87C31324650469847F3
:109C000005F1FF394D46BD4227D0226812F01002FF
:109C100012D12A706368019E39465046B047D8F881
:109C2000003021681A1DC8F800208E061B680FD569
:109C30001860E3680133E3602369ED1B5D442B4446
:109C40002361002007B0BDE8F08F4FF0000BCBE799
:109C5000CA074CBF18801860EBE70120F2E700BF8D
:109C6000DCA00008159F0008F59F000843A100082C
:109C700070B50B7804465E2B0BBF4B784A1C8A1CD0
:109C8000002108BF0121013804F1FF0500F8011F80
:109C9000A842FBD10BB9501E70BD81F00101E15407
:109CA0001046024612F8015B2D2D05D05D2D16D011
:109CB000002DF1D02B46F2E746785D2EFAD0B34264
:109CC000F8DC02301A4601329642A154FBDCF21A4B
:109CD000013AB342A8BF002201331344E1E7104622
:109CE000DAE72DE9F0410C46496B04F1440399424F
:109CF0001DD14FF48061FFF71FF918B94FF0FF3005
:109D0000BDE8F0814FF48063A36394F8463060634C
:109D100080F8FF3394F8453080F8FE3394F84430EF
:109D200080F8FD3300F2FD3020600020E8E7A66BEC
:109D300077003A4600F046F805460028DED000EBF2
:109D4000060801463246404600F02EF8C4E90D5799
:109D5000C4F80080E9E7884210B501EB020402D99B
:109D60008442234607D8431EA14207D011F8012B95
:109D700003F8012FF8E70244824200D110BD13F826
:109D8000011D02F8011DF7E738B5064D0023044612
:109D900008462B60F6F792FF431C02D12B6803B1F3
:109DA000236038BD801F00200A44914200F1FF3338
:109DB00000D1704710B511F8014B03F8014F9142E3
:109DC000F9D110BD2DE9F041074614460D4621B9E1
:109DD000BDE8F0411146FFF7AFB82AB9FFF740F8E8
:109DE00025462846BDE8F08100F006F98442064683
:109DF00002D8B4EB500FF4D821463846FFF79CF850
:109E0000804608B94546ECE7B4422246294628BFB9
:109E10003246FFF7C9FF29463846FFF721F8F1E738
:109E2000242B2DE9F0478646904601D8012B06D118
:109E3000FEF7EAFF162303600020BDE8F0873448F0
:109E40000D462A4615F8014B065D16F00806F8D1B6
:109E50002D2C10D12C780126951C33F0100215D131
:109E6000302C0DD12A7802F0DF02582A08D16C7804
:109E7000023510230AE02B2C04BF2C78951CECE74C
:109E8000002BF6D1302C14BF0A23082306F1004C16
:109E90000CF1FF3C0022BCFBF3F9104603FB19CA8E
:109EA000A4F13007092F0FD83C46A3421BDD571CF5
:109EB00007D0814514D301D1A24511DB00FB03403B
:109EC000012215F8014BEBE7A4F14107192F01D846
:109ED000373CEAE7A4F16107192F04D8573CE4E7BF
:109EE0004FF0FF32EDE7531C08D12223CEF80030AB
:109EF0006046B8F1000FA0D0691E06E006B14042EE
:109F0000B8F1000F99D0002AF6D1C8F8001094E7F4
:109F10004FA10008FFF784BF2DE9F043344E864679
:109F20000D46284615F8014B375D17F00807F8D1A4
:109F30002D2C10D12C780127851C33F0100015D161
:109F4000302C0DD1287800F0DF00582808D16C782B
:109F5000023510230AE02B2C04BF2C78851CECE77B
:109F6000002BF6D1302C14BF0A2308234FF0FF3802
:109F70000026B8FBF3F803FB08F96FEA090930463D
:109F8000A4F1300CBCF1090F10D86446A3421EDDC9
:109F9000B6F1FF3F07D0804516D301D1A14513DBB1
:109FA00000FB0340012615F8014BE9E7A4F1410C41
:109FB000BCF1190F01D8373CE8E7A4F1610CBCF102
:109FC000190F04D8573CE1E74FF0FF36EBE7731C5D
:109FD00006D12223CEF80030304632B9BDE8F083F6
:109FE00007B14042002AF9D006B1691E1160F5E7B9
:109FF0004FA10008FFF790BF51F8043C181F002B39
:10A00000BCBF0B58C0187047F8B500BFF8BC08BCFF
:10A010009E467047F8B500BFF8BC08BC9E46704726
:10A02000303132333435363738394142434445468E
:10A03000000000002537732025782025686875000A
:10A040006765745F686578003032303030303034A6
:10A05000000000003A2538732530347800000000F5
:10A0600025313273253032780A0000003A2530322B
:10A070007825303478303025730000002573253082
:10A0800032780A003A3030303030303031464600D5
:10A090002532780053544D333220566972747561FD
:10A0A0006C20436F6D506F72740000004E656368E2
:10A0B000697461796C6F76204C61627300000000F6
:10A0C00043444320436F6E66696700004344432066
:10A0D000496E7465726661636500000045A1000801
:10A0E00048A100084BA1000800000000000000008B
:10A0F000010203040607080900000000010203042E
:10A10000232D302B2000686C4C0065666745464760
:10A1100000303132333435363738394142434445E3
:10A120004600303132333435363738396162636452
:10A13000656600412D46612D663839303132333441
:10A140003536375D002B2D00303000785800002068
:10A1500020202020202020202828282828202020D7
:10A160002020202020202020202020202020208887
:10A1700010101010101010101010101010101004EB
:10A18000040404040404040404101010101010103B
:10A19000414141414141010101010101010101012F
:10A1A0000101010101010101010110101010101045
:10A1B00042424242424202020202020202020202FF
:10A1C000020202020202020202021010101020001B
:10A1D000000000000000000000000000000000007F
:10A1E000000000000000000000000000000000006F
:10A1F000000000000000000000000000000000005F
:10A20000000000000000000000000000000000004E
:10A21000000000000000000000000000000000003E
:10A22000000000000000000000000000000000002E
:10A23000000000000000000000000000000000001E
:10A24000000000000000000000000000000000000E
:08A25000C05FFF7F0100000068
:04A25800F501000804
:04A25C00D101000824
:10A2600020A000080024F4001000000001000000FD
:10A270000A06000200000040010000009161000891
:10A28000816300088564000800000000AB670008D7
:10A290003D6600083B670008000000000000000069
:10A2A00000000000916800082168000801690008AA
:10A2B0007169000809024300020100C0320904006C
:10A2C0000001020201000524001001052401000123
:10A2D0000424020205240600010705820308001079
:10A2E00009040100020A0000000705010240000005
:10A2F00007058102400000810182000025820008DC
:10A300004D8200085D82000819830008B1830008AF
:10A31000D5830008F9830008598400081D840008CB
:10A3200081840008A5840008E18400081D850008D8
:10A3300012010102020200408304D0050002010262
:10A3400003010000050F0C000107100202000000CD
:10A35000040309041A0300000000000000000000CC
:10A3600000000000000000000000000000000000ED
:10A370001401002000000000481E0020B01E002034
:10A38000181F002000000000000000000000000076
:10A3900000000000000000000000000000000000BD
:10A3A00000000000000000000000000000000000AD
:10A3B000000000000000000000000000000000009D
:0400000508000D4D95
:00000001FF
